max_ndvi,20150720_N,20150602_N,20150517_N,20150501_N,20150415_N,20150330_N,20150314_N,20150226_N,20150210_N,20150125_N,20150109_N,20141117_N,20141101_N,20141016_N,20140930_N,20140813_N,20140626_N,20140610_N,20140525_N,20140509_N,20140423_N,20140407_N,20140322_N,20140218_N,20140202_N,20140117_N,20140101_N
2750.11,1361.89,-247.508,-521.173,-1123.91,2653.08,-264.414,-456.466,2080.85,-2041.43,-2184.35,-259.612,989.296,2750.11,1256.31,228.208,1539.2,2081.94,2380,1078.4,1778.03,2673.61,-178.971,2238.58,1000.76,-81.5418,1146.26,-1566.49
2646.25,1760.85,481.1,6.26571,398.95,2646.25,550.982,92.6923,2188.03,-1049.05,-112.508,867.447,904.929,2488.24,1339.45,293.407,1554.05,2178.55,2009.69,1083.7,2029.52,1033.9,-19.6148,2183.66,927.882,668.75,1519.74,-568.973
3509.62,3509.62,-241.32,-1239.32,-330.388,1257.19,-175.171,-294.5,-1315.06,2486.5,-1304.71,488.336,1231.16,3203.05,1231.85,461.077,1653.78,2524.02,1838.51,1538.75,846.783,965.654,-468.024,-222.312,1124.25,1132.9,594.059,-993.658
2820.47,2138.69,-126.186,-522.281,-741.163,2334.7,-207.436,-76.9686,2820.47,-1427.56,-1483.71,485.017,867.671,2222.35,1430.35,239.045,1575.75,2195.57,2098.55,984.456,2239.33,593.874,1540.88,2398.42,846.47,572.308,1311.61,-1396.5
2684.13,1995.8,-1029.57,1713.62,-472.258,2526.99,-91.7429,-146.226,2487.71,1185.19,-1001.7,631.97,1198.64,2617.72,1303.08,211.586,1504.04,2560.82,2684.13,1432.15,2174.89,1321.69,1351.58,2381.95,870.89,1174.33,991.427,-185.322
2602.32,1367.19,-381.511,439.014,-832.624,2220.73,-546.368,-597.463,1806.74,1959.36,-2130.37,-335.747,995.337,2602.32,1324.38,322.016,1559.1,2231.44,2174.61,2061.47,916.451,-68.6782,429.051,-127.216,1002.54,-105.694,873.389,-1529.41
6010.83,5563.09,5256.04,5355.66,2772.67,2002.55,5382.96,4625.86,5283.04,6010.83,5836.76,5315.24,1496.82,3127.89,1168.82,461.723,1615.13,4198.62,2373.68,4053.79,2422.74,4000,4782.61,2828.08,1086.59,5513.25,5183.1,5919.25
2963.34,2963.34,647.065,1513.54,1001.22,1364.97,1830.99,2227.92,2189.34,2070.86,2388.3,1555.33,1074.36,2438.84,1161.94,398.918,1538.05,2365.95,2266.5,1693.6,1115.07,1474.79,2043.32,2307.69,1170.03,2266.07,2263.73,1415.38
4306.09,2084.5,324.355,10.5264,501.75,3175.9,788.933,2922.59,2054.01,4012.02,-923.937,751.445,4306.09,3798.79,989.163,1100.42,1781.75,2656.86,3002.5,1279.22,-428.287,768.996,2712.3,1608.26,563.992,1486.38,3456.61,-349.463
4004.91,2997.68,398.745,69.3995,3037.29,1375.69,401.022,2150.72,231.884,1570.67,-1317.07,568.9,4004.91,3039.76,752.412,690.057,1824.02,2584.01,1191.63,1140.1,994.664,470.724,2608.35,1465.53,489.887,682.731,2860.88,-514.483
3947.33,1920.24,266.845,-102.283,844.944,417.285,471.971,2358.97,2013.42,3223.06,-1279.9,143.668,3947.33,2148.15,870.828,654.419,1772.54,2747.36,682.111,1059.66,-1061,767.111,1877.52,2065.06,582.157,839.47,2850.1,-708.005
3885.99,2469.11,227.908,61.4277,1775.69,266.774,318.832,2249.37,1611.05,3.43089,-1603.19,-262.273,3885.99,2537,776.861,749.094,1816.39,2410.34,667.256,929.578,2499.24,468.004,2187.9,678.677,510.563,336.879,2955.32,-792.513
3784.81,2541.3,276.374,-13.0634,1377.19,972.803,439.893,1944.89,2230.68,-341.389,-673.195,463.32,3784.81,1800.71,756.116,720.216,1979.32,2615.33,1765.32,1307.97,2641.23,792.429,2648.99,2074.45,455.965,2364.72,2913.97,-634.414
3587.26,2745.98,229.85,422.702,1967.2,1374.47,152.184,2694.49,838.826,103.152,-1293.51,-69.7528,3587.26,1908.79,739.05,1424.88,2005.6,2536.42,753.721,1372.6,2030.81,633.036,2518.26,2413.06,643.953,737.778,2943,173.368
7241.12,5506.43,2123.04,5960.9,5795.85,4664.86,6060.8,5731.44,5748.7,5666.59,6532.32,2858.49,6682.59,5497.48,3036.57,5008.58,832.373,1615.29,1450.71,436.21,1112.95,598.844,1288.91,1193.01,5565.34,7241.12,4813,413.098
8072.83,8030.2,8072.83,7801.3,5960.23,6007.02,6405.44,2095.83,7095.61,7444.83,7517.87,7435.68,7947.39,2408.22,5124.29,6334.81,2044.04,820.515,6598.32,6160.1,2685.14,1541.67,2648.78,668.266,5367.71,6127.76,6514.27,6365.79
7909.61,7705.35,7503.28,6680.53,3667,5110.97,5473.63,3399.63,6380.02,6852.16,7437.47,7748.14,7909.61,2000.11,6649.08,6982.52,2007.55,625.618,3690.69,5824.51,2585.92,4355.53,2666.9,1041.35,5307.32,5832.55,6638.41,7216.16
8181.92,7807.47,7909.18,7596.59,5044.83,5746.51,5725.78,3968.94,6801.68,7510.05,7724.07,7866.15,8181.92,2402.24,7022,7345.81,2437.35,654.094,6257.61,6083.06,2592.78,4104.35,2687.15,862.474,3567.26,6826.65,7468.66,7443.35
7299.7,7003.42,6520.69,1677.16,3831.26,5084.16,1695,4059.38,5334.86,5468.09,6618.27,4968.4,7299.7,6560.45,3972.77,3199.27,1356.8,586.877,4474.53,701.671,2267.43,4301.86,3772.39,2981.27,3471.79,5039.68,5803.37,6360.98
7505.21,7147.67,6693.6,5771.51,4356.04,3948.97,3354.97,2676.16,3478.9,6428.11,6858.6,5075.06,7505.21,6857,2952.66,2268.46,1469.73,606.022,7104.8,3022.13,2232.38,3227.18,3466.93,3039.18,2134.25,4881.52,5161.55,5788.19
7648.71,7648.71,7548.48,7251.18,6335.9,5781.76,5967.88,5706.73,5768.79,5574.21,5278.38,700.908,5594.55,1573.39,2331.58,2625.85,1623.97,802.053,6860.78,4427.76,2154.51,1019.58,2784.5,3466.68,4278.89,6433,6051.46,5180.21
7970.68,7764.66,7806.49,6984.44,7416,7424.41,7583.09,7326.41,7845.17,7854.58,7877.99,7726.38,7970.68,7005.81,4263.37,1386.18,1100.63,1792.99,7788.64,4507.09,2323.54,6277.25,7359.33,5933.87,7610.58,7344.41,7200.55,1762.37
7769.53,7769.53,6887.72,6093.45,5193.07,5185.6,5332.77,5732.72,6297.68,6558.63,6835.73,3871.18,7296.49,3733.52,5161.63,5604.87,1790.96,486.485,7454.33,3326.72,2667.17,4848.42,2365.79,4808.72,4106.9,5949.95,6505.34,6987.51
8035.77,7791.31,7940.9,8035.77,7705.38,7111.14,7286.85,6834.05,7293.86,7509.4,7580.17,1373.61,8024.02,6345.69,6185.35,4581.28,1246.85,518.343,5607.58,648.39,2417.2,6268.76,2637.08,7102.03,4354.41,7235.15,7447.19,7413.87
7737.77,2275.24,7287.94,6767.88,6235.91,6106.91,4903.47,6543.03,7097.59,7103.79,7122.19,572.959,7737.77,6206.64,2529.75,3926.86,1476.92,930.467,6987.75,5042.33,2225.12,683.258,4078.95,3916.13,6543.53,6466.97,6902,2770.4
8091.8,7638.75,7021.91,6309.04,5150.16,5572.41,5791.44,1466.76,4727.92,6504.65,7198.15,7470.35,8091.8,4065.85,2183.95,952.052,1493.48,1061.93,6324.1,5372.03,2017.87,2321.05,5310.9,5530.1,5826.74,6217.52,6750.85,7265.67
8456.64,7415.87,5168.39,4213.56,3481.02,3249.42,6689.25,6346.71,6567.16,7151.01,7790.49,2753.57,8456.64,4713.1,2380.34,7650.97,1691.26,982.299,7843.48,4530.02,2493.02,5780.06,5361.39,6885.23,2996.28,7745.11,8095.24,8138.4
6521.27,5101.33,5766.57,6521.27,5187.48,5248.85,851.077,4405.69,5153.34,3426.42,4522.42,579.955,3898.99,3193.51,4976.74,3623.98,498.494,2048.45,4703.89,3436.87,2922.82,2691.65,1919.12,1714.56,1085.37,6507.69,885.585,482.657
8066.33,8066.33,5382.23,4995.3,3316.12,802.468,557.871,804.362,8062.33,695.249,2399.85,816.896,1909.21,4184.38,2733.08,659.361,708.713,6634.18,1797.2,1878.49,7299.97,3823.35,1376.73,438.836,2159.38,7435.36,833.185,7426.54
8076.08,7699.78,8076.08,6682.5,1905.42,1627.6,1902.02,5871.98,7309.27,1192.2,7682.34,1114.03,2324.46,5038.38,987.748,766.148,889.085,6937.73,766.164,4051.4,5453.89,6941.39,1345.33,1537.81,480.749,7567.93,1018.61,7791.26
6427.93,6427.93,5094.22,4573.99,4232.58,1632.96,139.518,-1067.41,-2316.82,1791.95,-3694.22,-1425.62,-1383.78,2428.78,422.734,1789.22,1167.26,5976.75,5718.38,4672.54,4328.75,4270.76,2992.73,1630.86,586.231,-1724.23,1042.66,1050.96
7223.74,6907.74,6845.74,6793.9,6588.73,494.186,5800.97,6295.77,6150.22,2110.65,7223.74,6413.08,3843.95,5882.07,306.485,5429.8,1873.06,6415.29,7079,5333.88,3020.75,5591.96,6037.74,1580.01,2214.24,7151.92,2135.04,5345.28
2233.81,539.446,1684.99,-1381.56,-3966.01,-123.587,-1475.61,-633.004,1546.44,972.582,-1387.6,2233.81,-6027.34,511.258,1618.67,805.263,1240.76,1859.82,966.471,162.398,1414.67,651.769,1786.15,1890.73,1532.5,-1764.71,1815.48,1723.89
6800.03,5535.29,6800.03,4204.48,5260.34,4872.78,5112.89,4446.6,774.31,3444.19,4626.83,1891.24,6082.13,3845.14,1452.98,768.932,1007.85,2365.45,1630.3,4747.08,3563.79,3778.24,1924.84,3846.41,4595.32,4464.75,4083.52,1545.47
7699,5788.02,6677.45,6723.39,6012.05,1656.88,6789.87,6698.46,6422.87,7699,7572.52,1703.29,1131.95,6556.04,5059.91,7416.69,1502.44,4348.54,6296.2,1231.63,6249.82,5304.11,1777.13,6535.1,1743.19,7520.08,7298.23,2733.69
8051.65,7740.55,7693.62,1620.63,7409.47,435.847,569.724,7125.46,7825.44,7993.12,7880.9,6274.23,549.324,1907.42,1923.58,5017.02,1216.38,4497.74,6937.26,4036.42,7812.21,643.314,744.946,1477.92,506.106,7468.8,7049.35,8051.65
8075.65,7578.29,7952.94,6065.95,4648.51,3868.12,5428.18,3440.98,538.346,2782.55,8075.65,7545.58,1197.61,2937.96,1837.09,4966.6,791.169,5374.35,338.255,1435.81,6600.21,5757.38,2069.71,1275.09,1180.45,7359.46,1743.95,5567.27
8027.77,7614.8,7483.39,1289.63,5075.14,869.834,914.403,5068,1084.44,1815.92,8027.77,8014.83,1572.33,3645.84,2314.53,3013.46,953.389,5402.31,7190.53,5710.52,1257.38,5572.14,1429.61,1881.37,788.693,7153.93,2900.18,7649.9
7784.79,7784.79,7578.7,6199.04,7085.25,392.194,7110.68,3450.75,7776.3,4733.57,6851.38,391.521,3301.36,4180.35,1642.81,5163.97,928.197,2918.34,1349.62,2931.83,7147.28,3531.12,482.305,1687.03,485.26,7309.84,939.32,7539.86
6351.8,6351.8,5619.52,424.486,3137.28,3279.83,4030.64,4388.44,4032.32,1223.02,6296.39,6119.97,3419.77,5655.67,2671.16,1336.36,3703.2,3037.81,5604.02,673.83,3724.9,2016.5,408.643,1278.91,448.172,5417.01,1745.47,814.88
2506.87,2506.87,-714.772,590.538,-1388.73,-86.5304,-913.472,-1599.54,-1346.78,1778.33,-754.936,-3767.76,1331.25,1209.21,2415.86,1719.58,2075.97,2445.86,-1402.36,874.921,1399.77,-1146.46,383.182,1185.2,326.489,-1524.81,1710.72,705.551
5506.26,5316.85,4686.96,402.951,5501.34,5506.26,5048.72,1465.04,3915.98,4272.89,4060.34,503.332,2768.79,3076.64,3880.77,448.302,1205.64,3294.76,2348.43,4702.94,2609.97,3340.47,370.576,604.365,458.946,3502.96,888.788,1783.33
8262.47,7446.52,6849.8,7758.7,7682.94,733.952,2835.89,3144.06,8170.11,8262.47,7992.8,4459.92,1160.29,1027.87,2657.06,2330.82,2488.06,4148.78,7831.89,6518.06,4114.19,6291.02,1312.99,473.631,2675.97,8088.35,7899,3099.7
7938.25,7676.06,7845.81,373.479,1504.58,941.245,1639.72,7012.48,4728.82,1048.23,7938.25,1802.38,2450.58,5166.47,1414.07,5648.63,700.275,5725.83,5330.5,6221.66,1560.07,6392.61,1881.89,590.05,1247.01,7174.2,1282.73,7658.71
8126.04,7668.29,8126.04,7521.97,7631.39,1589.8,8125.25,7590.43,3870.68,1304.63,1954.4,1129.48,4438.17,2018.48,669.995,3162.25,1839.51,4218.86,4411.39,7166.65,7946.62,1330.17,651.134,433.841,1308.79,6969.46,5272.32,680.438
8095.31,7914.64,6036.03,1539.75,6991.64,2182.46,2541.56,973.103,380.998,6095.52,2898.44,417.78,884.042,472.128,493.769,835.41,2284.34,1019.02,5784.91,7016.53,3953.86,1110.63,6901.61,1594.59,2303.3,8095.31,7739.69,623.539
7908.1,7293.49,7908.1,7851.19,5667.35,634.567,7192.33,1100.8,1482.69,563.397,417.811,283.864,775.803,398.025,675.248,565.933,3291.76,3098.35,7430.45,1442.95,4109.1,487.159,3339.7,392.871,528.348,7029.48,441.286,443.137
7746.79,7300.29,912.627,2028.77,1410.65,347.178,7650.05,552.598,437.4,652.861,436.118,244.88,7390.98,433.457,686.734,1067.57,1486.98,2404.3,7210.88,758.631,3828.03,617.881,1034.07,334.068,591.321,7746.79,445.79,465.213
7180.85,6379.11,6964.28,1771.61,1492.08,3023.46,6691.9,5994.78,2789.09,4045.02,6404.11,193.992,7180.85,3702.99,791.287,922.222,2719.2,1972.65,6042.02,1805.89,1972.53,4815.78,1231.24,392.389,655.731,6342.87,1905.02,781.385
8018.4,8018.4,7903.55,6061.69,7793.89,458.476,3761.37,7548.38,6888.64,4917.13,2279.51,331.646,2672.16,6241.46,889.037,787.709,4813.43,6301.44,7577.01,1963,4890.01,1183.92,1359.22,346.827,323.77,7659.28,4878.52,398.597
7629.39,7629.39,4220.4,4134.24,5656.42,1753.92,1120.6,7324.57,6737.65,6481.78,4077.14,298.843,2868.44,6288.19,829.647,1007.54,3123.07,6121.44,7565.78,6217.26,413.589,1604.56,2323.73,371.917,1106.88,7574.66,1316.56,465.496
8011.1,7243.28,8011.1,1438.99,6083.33,2904.01,1128.59,7421.96,7821.97,6057.96,7869.35,431.269,1562.35,6612.87,1395.14,7681.29,3749.38,6200.89,7620.16,2964.47,816.833,6465.56,7338.71,337.861,1584.83,7583.81,5514.16,755.67
6220.8,6089.17,3839.39,1679.84,3503.87,1262.39,957.474,4842.43,5456.83,4439.69,6220.8,376.728,1488.08,6001.97,1375.81,5335.45,4081.39,4561.91,4281.34,2970.66,413.226,3753.3,3815.83,345.299,1193.04,4369.89,4105.19,503.934
8309.18,8062.48,7976.42,4992.19,7814.76,1702.95,5581.77,607.489,5145.25,1787.64,8309.18,1362.46,2507.23,1083.18,5644.4,421.015,630.106,6596.85,579.231,5346.1,5366.54,4720.87,6068.82,315.318,1449.01,6440.24,996.272,6546.37
7875.75,5523.93,6360.24,5979.41,4844.04,5523.95,6199.71,6186.23,1162.22,5500.16,1337.81,437.391,6162.87,6710.78,7875.75,658.578,708.254,2552.35,6644,5100.87,3362.06,4625.69,6085.02,826.657,2115.85,6920.9,723.733,584.942
4733.93,3091.94,600.112,2418.03,3620.4,2741.35,3983.8,3105.47,4130.19,2282.97,4099.83,333.529,4733.93,2727.44,1906.16,3900.44,504.594,747.646,797.187,2322.56,626.678,903.668,723.121,456.748,403.505,3399.97,1194.52,409.829
3284.74,-478.626,1784.01,1238.78,-1818.7,-538.152,-1186.09,-554.755,-2610.39,2504.23,2691.63,-339.822,2048.4,806.951,873.212,3284.74,1642.79,1299.78,-2793.63,503.722,1772.6,-839.26,-556.886,-2070.47,914.137,-3770.74,1894.64,-543.233
2542.28,-460.466,-2166.59,990.745,-1626.55,-1259.1,-1466.33,790.153,-2110.61,2485.11,967.458,2542.28,-1904.54,1028.57,718.027,2453.38,1855.57,1434.25,-2094.19,44.8627,1728.97,-831.935,1138.21,-1659.56,1698.09,-3733.01,-2645.77,378.45
8395.22,7504.77,8395.22,326.861,7781.76,6555.8,8026.46,7208.9,1948.47,1076.13,6104.59,1227.5,5718.89,556.181,6645.69,7049.44,522.994,1422.31,8019.7,6942.7,7547.39,686.243,390.672,640.626,343.138,7512.64,6695.18,497.158
6950.51,6086.05,6950.51,302.229,5951.46,2896.53,3900.63,3904.46,2013.17,1484.9,4583.7,1174.81,4687.43,618.087,5922.24,5778,514.712,1377.95,6642.49,5821.73,6504.43,625.554,389.405,683.884,354.103,6471.51,5239.31,458.778
6992.76,6992.76,4397.29,485.652,2293.42,4094.53,5615.44,4983.56,922.025,6104.09,6163.69,440.335,1367.44,1394.21,1751.6,2537.91,765.189,4201,890.773,4810.62,5225.14,679.464,372.516,374.378,230.806,6252.13,999.634,408.748
2617,2264.85,1982.42,879.025,1947.24,1379.78,2158.84,1138.5,384.753,1570.69,1343.79,722.934,620.083,864.771,1557.79,1421.03,1162.14,1384.07,2318.08,2165.19,2617,794.508,315.332,431.461,346.132,2353.43,481.639,1203.49
6154.76,3128.51,4941.86,291.355,5192.38,1865.26,2252.85,1768.63,1220.87,3013.94,2091.61,545.951,1156.84,1801.42,5358.33,740.728,613.201,1006.76,4843.95,5031.23,6154.76,2501.93,370.029,431.122,249.8,4977.02,703.223,444.814
5096.34,4006.21,3775.34,392.064,738.012,5096.34,4644.21,4530.65,404.63,4382.91,3253.1,489.155,942.704,3181.13,907.814,1292.23,516.58,635.587,675.448,3893.85,4038.91,867.758,321.327,286.606,243.612,4318.02,3083.98,404.914
3846.28,1965.21,627.579,287.639,2053.47,2190.62,1872.3,2693.59,425.569,2303.74,2306.5,460.947,995.118,1941.72,951.509,1282.33,503.624,1447.57,761.525,2665.5,2560.92,508.744,306.13,386.94,257.955,3846.28,3612.53,416.789
4262.1,3449.22,2942.34,2902.04,2766.86,3026.39,3147.71,2938.21,3287.51,3283.01,3097.38,1763.27,3556.74,3276.08,4262.1,3636.01,684.005,1521.6,3424.12,3055.08,1601.77,1785.46,2033.49,631.402,2124.36,3433.06,2638.94,435.212
3771.88,3027.09,3562.65,3771.88,3626.81,2774.6,3249.46,2974,3008.65,2758.75,3351.39,2350.52,3767.04,2939.93,2925.44,3616.52,547.166,1903.39,3637.22,3340.18,3636.59,2683.94,844.109,707.273,3306.27,2933.88,2311.02,398.682
3324.84,2821.6,1476.69,829.703,1298.98,1438.6,1522.71,1696.15,2502.86,2829.05,3264.31,534.029,3324.84,2997.18,2972.35,3194.54,424.435,505.56,2109.46,1668.1,1336.47,538.584,374.339,331.303,350.264,1182.71,617.128,439.648
6857.95,2015.56,3719.53,6857.95,6671.73,6785.5,4344,1617.47,6570.05,2770.76,1116.12,731.441,4618.59,5868.9,6034.5,2879.27,2077.44,2270.3,2334.07,6303.83,5748.52,5748.09,5114.65,1189.84,620.04,5641.96,5614.08,732.328
2582.09,2442.39,1049.72,268.213,2321.54,2010.57,2201.74,843.721,2582.09,2039.54,2290.1,312.153,753.848,639.898,814.174,1574.34,1250.98,1272.11,2040.31,605.704,1175.25,370.477,401.463,307.905,335.713,1865.33,1727.82,815.853
3402.89,3067.84,808.422,328.788,3402.89,1879.75,2822.43,848.48,1042.79,3067.17,3174.23,310.607,560.165,279.52,916.941,1729.87,1290.34,924.996,1281.62,710.662,1265.83,419.38,366.852,308.958,279.224,2811.75,2079.02,1643.88
7796.26,7569.12,2508.25,4118.09,7159.47,1203.95,6924.06,1737.8,7507.43,5102.67,7796.26,543.742,2104.27,1833.26,924.139,3428.97,821.282,7022.28,7133.87,1794.79,5691.7,6202.31,2070.5,670.96,742.892,7725.53,1170.86,1226.67
7633.68,7270.87,3300.75,3013.06,6243.1,1183.54,6515.71,1831.42,7462.22,3455.73,7633.68,592.724,2132.41,3069.2,1188.17,1922.42,787.799,7320.55,7474.52,2461.75,4659.08,4981.24,2331.66,668.653,811.087,4965.68,1178.79,1110.48
7050.67,5463.88,4961.65,5716.03,7050.67,844.095,6592.57,4626.93,2272.69,526.888,582.4,-1538.6,4917.64,4844.69,332.476,2923.88,2669.63,3036.05,4821.37,1443.75,759.844,6340.44,5725.12,362.011,1743.01,1195.83,441.177,760.976
4585.03,2212.87,2263.87,2161.32,2316.21,2465.64,2952.69,2824.74,3130.38,3140.02,4162.01,441.23,4493.64,3826.11,2971.16,4114.59,601.284,834.011,3387.66,3246.01,2956.62,696.762,370.882,600.741,348.164,4585.03,634.276,548.546
4488.94,2980.93,4259.63,246.811,3059,3502.62,3834.16,3574.96,697.603,4051.1,2824.16,326.965,729.876,192.351,810.705,2061.02,693.069,493.766,4488.94,3440.37,2497.23,674.41,329.787,287.249,339.749,4035.59,1909.61,455.984
2551.25,2345.46,2378.95,272.736,2350.93,2368.1,2551.25,1199.94,394.979,2215.97,1887.88,400.216,646.037,339.027,625.273,1418.7,1008.15,421.4,2196.84,1985.23,1911.79,832.662,360.269,328.085,192.769,1579.44,2071.75,542.016
2155.17,1883.37,2008.92,341.34,2155.17,1761.98,1966.14,1714.44,633.269,801.223,1981.85,407.195,772.415,538.263,458.607,569.417,1295.61,1807.99,2100.63,1950.55,1145.76,2019.8,360.939,333.119,475.044,1701.96,1881.64,785.481
7957.62,6952.12,7267.66,7175.42,7260.36,2710.44,7159.07,4955.82,7236.89,2992.66,5993.06,460.769,2389.15,706.331,965.822,1231.67,747.069,6649.75,395.807,6111.3,7957.62,6533.58,2171.63,4320.08,599.835,6972.98,972.167,425.595
5362.23,4286.83,3311.08,3175.21,3386.79,3274.58,4028.08,3648.55,1548.03,1328.19,3115.02,872.154,976.802,4154.89,5362.23,4221.03,734.948,900.771,814.485,3623.27,3033.28,1841.03,401.153,563.048,329.764,4714.39,770.871,184.438
6072.32,6072.32,5063.68,265.876,2463.03,2007.64,2074.27,1579.71,376.72,2392.97,2326.8,270.02,2238.13,4335.62,2176.48,624.248,545.882,2414.56,1850.83,2935.97,1352.79,1940.79,333.96,590.329,317.386,3159.18,2256.01,4057.21
6132.13,4614.53,924.102,4349.41,3491.32,4510.16,1173.98,3886.3,4947.37,1347.34,5916.76,827.992,5899.92,3349.66,1459.34,2782.99,674.267,1692.7,6132.13,4677.63,4022.99,707.805,1888.67,748.328,2075.31,4431.97,1664.44,482.274
7632.17,6688.55,4109.68,2419.27,2739.61,3097.53,3935.17,3799.12,4635.39,1856.64,6426.85,1875.3,1932.03,6570.95,7632.17,1448.61,1062.84,1554.34,7163.11,2561.58,4414.14,2452.77,3157.32,3226.06,1739.23,4223.4,4838.71,421.798
2279.47,1873,1361.66,1363.32,1397.88,1490.18,1522.55,1416.27,1200.79,1374.89,488.641,426.523,2114.17,1982.7,1705.09,2279.47,829.303,1211.08,1715.03,884.032,1705.83,1490.19,729.777,1564.5,387.7,1176.53,1831.28,569.397
1971.25,1852.78,1502.16,1056.91,1131.34,1960.84,1782.52,1550.76,1694.82,625.991,1945.73,583.354,1853.58,1739.44,1971.25,1918.29,507.752,679.333,470.771,1820.64,1325.32,844.356,461.47,396.813,405.572,1765.38,610.649,713.272
3623.41,3622.97,3312.2,3006.31,3060.65,3158.61,3550.23,3286.18,3268.81,1982.18,3623.41,494.069,3124.88,1290.07,2717.07,2714.16,395.782,570.767,392.923,2623.47,2646.05,1016.61,466.593,461.414,354.916,3000,1448.41,622.24
8152.11,7391.52,6704.32,2721.74,3577.55,3869.77,2708.06,1742.1,5071.52,5949.59,5959.65,562.973,4033.95,5648.6,8152.11,7427.19,852.601,3306.39,7899.87,5722.31,2965.43,1453.38,2332.09,735.201,3821.32,4273.75,4729.31,1784.31
1831.9,1745.6,1388.88,560.761,1502.86,1011.44,993.944,1513.03,847.24,1247.19,598.991,676.299,1505.8,1831.9,1140.42,647.055,1221.99,1486.27,1496.64,1794.8,1293.91,1307.01,654.169,1126.38,1228.9,895.802,1382.44,877.512
6880.27,6252.69,5622.16,3714.91,3273.07,467.507,4085.85,4310.88,4934.06,5508.25,5462.92,1932.76,4038.11,5299.64,809.165,6109.73,1748.79,4605.56,6880.27,3747.03,3767.82,2886.9,1550.68,1357.42,580.996,5281.6,5902.87,1225.22
6669.55,5857.28,4795.92,3902.15,3591.4,413.373,4538.97,3773.74,4382.86,4666.94,5403.02,1518.94,4037.46,5567.7,959.009,6536.65,1657.95,4340.92,6669.55,4782.47,3898.35,3552.56,1598.29,1119.81,560.048,4976.35,5350.82,1445.68
5555,4065.21,1709.44,5064.75,4940.96,1302.46,5188.47,523.628,2994.19,1677.4,3636.52,1932.22,1187.97,2981.97,1284.92,1212.95,1089.3,5555,5485.68,4086.27,4886.89,4935.49,2654.91,4418.97,481.339,5196.47,1119.64,4640.75
7493.94,3065.81,6960.54,6568.56,6106.28,5795.55,6403.4,6280.72,3470.06,7214.47,7142.35,7493.94,580.367,5529.73,1843.88,589.687,1200.28,5569.6,3812.7,4350.38,5274.15,2752.43,1851.98,2374.57,3290.74,6661.45,4616.92,1716.89
3432.41,2268.87,2777.78,1857.71,533.403,1201.76,2180.29,2450.01,934.456,1788.36,2366.47,2508.91,1427.72,2870.83,1614.86,814.99,976.094,3432.41,2146.06,2729.38,2970.24,2547.84,1444.32,2353.17,1717.11,1596.32,2671.08,1885.82
6928.73,6185.27,4428.95,264.169,3712.36,2552.64,3401.48,1845.06,432.03,3586.09,4421.79,683.687,879.733,6928.73,2641.97,2493.48,631.267,843.086,1614.77,1495.94,1121.62,388.723,383.447,384.525,298.846,5635.69,798.663,597.792
7206.39,1415.18,3486.5,433.616,5775.07,2952.05,7206.39,1127.37,523.005,621.187,1070.83,460.726,4979.38,563.785,1153.41,2076.25,520.173,492.323,625.469,3547.42,6308.24,527.638,397.516,636.488,316.529,738.764,808.401,398.395
7083.81,6475.81,6052.06,6905.89,7083.81,1001.17,6671.73,2713.8,6514.62,165.437,1051.68,3858.77,2534.9,523.751,2573.27,5394.92,1164.99,3500.87,6858.5,1012.05,6763.94,5576,1911.26,1631.33,326.738,4997.47,1986.13,6512.55
6028.99,6028.99,5371.15,4438.46,4442.38,1461.02,3506.45,2867.65,5511.67,326.935,1754.36,3155.81,2338.09,483.002,3709.82,5015.06,1179.51,5958.09,5587.44,1362.94,5724.91,5266.35,2106.66,1767.84,299.063,2244.6,1930.26,5506.46
7632.6,3296.2,3932.9,3965.03,5976.49,1019.84,7632.6,7415.09,3560.6,1646.42,267.773,1644.89,2042.84,3141.9,2822.68,6493.29,893.963,3156.9,6035.69,4230.23,4042.96,2009.89,5907.17,1249.5,414.61,4296.86,1054.58,1822.85
6756.15,2788.74,3387.5,2518.02,2702.7,3330.11,6083.39,6756.15,1996.5,6179.26,3679.45,3298.8,2755.27,297.267,3432.37,6467.29,927.84,3122.05,3094.91,3656.73,3336.55,3461.31,4124.19,598.478,574.893,5092.59,679.071,1183.03
7406.23,6900.54,5188.25,3180.63,2886.9,340.481,1925.93,3723.4,5739.44,829.967,1968.76,5295.06,1192.27,1148.51,857.154,1934.04,1272.58,5377.46,7406.23,2066.16,3297.96,645.179,846.018,733.703,540.002,7183.89,623.853,7363.59
7440.68,3269.06,5622.04,5565.91,4483.68,901.629,6386.49,3512.74,7200.79,6438.36,1244.31,1706.1,2031.28,2351.39,4122.41,1542.86,968.188,5744.66,5878.55,5367.85,5329.62,4996.27,2869.79,1151.62,361.073,7440.68,446.933,1092.26
7539.04,5185.91,4709.54,3968.29,6525.36,1291.97,7539.04,5221.32,5122.14,434.337,421.294,1426.97,6291.83,670.714,4178.04,5505.44,915.889,4645.22,5291.54,4629.43,3889.32,1892.06,5066.57,2189.6,367.794,4428.93,1319.58,1223.56
7683.1,4634.22,5889.13,5625.03,5973.13,928.867,7683.1,6465.51,5490.86,1701.65,838.961,2591.65,7235.54,2374.72,4494.41,1231.97,751.355,5049.22,5574.24,5543.31,5576.84,5160.56,3369.65,879.458,467.735,4907.71,581.429,1827.9
7599.6,7288.96,7036.86,3523.4,6233.05,1093.73,6042.23,5064.7,6323.01,629.318,5105.52,7118.73,7317.34,2745.83,613.55,2919.72,1700.06,7176.34,7535.1,6262.73,6690.38,6489.85,6806.4,733.806,355.728,7599.6,1732.64,633.591
7920.34,7414.16,7300.58,4279.11,7499.1,861.909,7595,6847.96,7365.15,922.348,5551.51,7910.03,7407.3,1933.14,610.192,2775.83,1846.29,7279.78,7920.34,6590.53,7157.27,6293.74,6330.47,655.102,364.563,6416.44,2889.83,868.355
6259.75,5568.39,823.775,3743.93,4223.88,762.95,6259.75,634.412,5775.09,2177.62,4206.17,529.966,3478.55,663.696,685.846,747.013,2669.83,4260.44,4540.34,3804.52,2102.8,2189.93,417.571,2423.91,760.376,4928.66,1140.04,1807.14
7476.7,6593.66,805.954,3882.4,5001.07,761.708,1140.62,1012.05,7476.7,2480.94,2292.96,929.332,1746.05,863.023,797.809,428.849,3282.6,2720.89,934.703,3749.79,5014.58,3801.02,342.278,1783.65,979.234,6415.08,855.493,3460.65
7790.47,4575.02,2035.6,3238,5044.83,394.484,7790.47,544.692,7526.34,2121.28,792.219,844.119,895.996,1021.47,882.248,634.818,3768.88,3665.82,2323.98,3749.76,2563.68,5328.57,388.725,543.039,1244.72,5444.33,921.315,3245.72
6564.28,5615.79,1411.36,4407.53,6564.28,907.135,3051.59,428.318,6389.53,1169.82,673.83,240.257,1920.78,508.835,788.787,1930.96,2268.25,2391.44,3593.72,3941.95,536.513,1794.49,346.622,588.79,891.47,5779.66,804.099,3485.79
7390.92,6261.86,1912.97,2848.17,2850.69,526.384,1959.67,424.546,7390.92,2722.1,2233.01,262.269,4120.05,350.275,849.494,639.254,1605.43,3097.07,1436.27,3398.97,1917.99,4054.1,375.197,6185.17,521.301,4599.9,559.065,665.868
5545.09,4613.82,2396.83,2618.84,5280.58,529.801,555.88,855.113,1971.98,4776.8,1885.9,339.67,2083.16,473.559,735.995,1516.91,1292.17,3369.27,4117.73,5399.06,727.178,5540.61,428.016,5545.09,518.118,2153.23,602.248,765.754
7108.98,6102.85,3918.35,6963.94,5146.41,604.646,2570.17,5071.47,1956.72,2706.23,1847.8,2536.36,3110.42,4639.45,1870.52,3203.39,1032.46,6475.39,6978.5,158.684,7108.98,5644.62,4546.28,620.724,349.261,6205.64,704.821,5793.19
6575.35,6575.35,4627.17,6293.17,6494.72,399.711,6074.63,6015.6,6309.71,4465.44,4768.93,2666.39,666.799,2154,1209.79,3574.81,2602.72,2386.95,905.442,6084.81,4656.76,5754.38,565.512,2081.3,949.459,6126.14,666.21,6490.75
8034.98,7408.57,7523.79,6334,6152.1,459.216,7021.46,6449.46,5971.11,5490.8,4131.59,3888.67,782.891,1775.1,1295.02,2705.85,2416.56,1518.19,1357.78,5871.99,4713.32,5615.25,502.199,2276.11,907.871,6867.68,686.046,8034.98
7154.14,6982.8,838.551,6543.21,6926.78,312.604,6934.91,4100.34,7154.14,4059.63,7039.97,4764.88,580.214,1272.05,1474.17,1278.01,3022.13,4005.08,4001.69,5591.37,6454.56,5483.09,382.644,2682.54,792.263,6740.12,729.882,5801.47
7590.11,6800.84,6795.42,7025.88,7344,414.249,7056.72,6978,6373.13,4403.41,6858.4,2710.29,703.545,1829.53,1266.74,5364.01,2675.64,1713.17,768.02,6526.16,3368.47,6110.63,536.872,2143.67,999.919,6860.48,708.282,7590.11
6514.58,6514.58,644.339,3042.63,5549.1,790.463,1671.45,695.107,6488.6,3592.08,2068.81,351.92,3140.39,433.711,1001.13,3833.33,1914.67,2700.41,1162.1,3285.89,592.04,4083.14,304.984,4052.72,823.869,3673.47,522.855,2373.64
7199.33,6770.89,7199.33,5385.55,1085.66,528.29,4378.74,2995.55,5276.92,7148.21,6628.15,2277.4,1952.59,3184.56,688.623,1299.68,1861.18,5882.19,7132.48,397.985,5057.08,609.945,724.698,5418.46,428.036,6230.2,969.917,6529.16
7285.08,6945.79,6587.47,5699.86,6554.99,4257.62,6816.44,5900.21,6980.24,770.264,3911.8,7285.08,6905.01,1593.93,586.317,2622.45,1835.03,6499.26,7046.3,5988.95,5747.3,5663.63,6113.94,612.022,383.841,6029.41,1464.77,1269.17
2236.79,1675.06,1764.63,464.577,1520.81,1578.52,1700.36,1548.98,807.615,1931.61,1551.6,389.99,1186.67,673.662,566.849,826.555,1758.44,1940.76,1914.05,1581.05,575.223,2022.64,373.675,324.572,379.576,2236.79,493.06,12.0047
7284.19,6140.73,4249.85,485.223,4364.36,4932.6,5626.54,1304,6597.35,6839.54,7284.19,696.259,3015.54,6258.54,4431.59,3039.97,1682.64,1305.79,744.675,1871.61,1921.25,2336.93,1887.86,2588.65,1280.99,6235.63,2476.73,712.855
7134.01,1731.79,4126.91,1995.88,4047.87,6670.67,7134.01,1029.05,3939.89,2446.18,1482.19,240.702,1291.47,3384.92,389.709,796.275,1562.68,2294.03,2683.18,2464.92,2581.05,5341.56,906.128,1359.75,3062.34,2253.45,1517.97,1078.87
7331.36,2793.23,3654.04,3781.09,4285.25,403.441,7331.36,3537.75,7307.32,4752.43,2982.69,398.682,1842.27,4595.77,255.675,6268.58,1608.86,3174.47,3132.9,3033.63,361.618,3830.81,735.235,1430.44,1636.88,4528.52,2884.73,2318.66
7597.42,6880.23,7264.53,7597.42,3033.43,249.383,6257.02,6677.51,5210.81,3833.01,2326.99,465.268,5809.83,5746.37,203.611,6936.14,1368.68,5910.46,6810.21,5988.74,441.518,2163.19,6712.27,2134.08,641.378,6876.82,3581.48,3707.78
7793.09,5043.48,468.564,7392.55,7461.71,767.45,2196.25,434.745,7793.09,1335.14,5429.87,335.137,3193.46,550.122,861.826,4938.89,1841.07,4808.83,1812.13,6577.32,627.68,1080.59,353.648,2374.58,1219.84,7150.97,787.444,1359.54
7942.78,3644.64,968.113,7801.8,7942.78,667.837,2178.92,399.583,7839.85,1211.29,1805.7,359.866,2026.15,511.15,879.261,1966.21,1799.05,5136.88,3338.67,6881.01,592.809,2129.67,353.25,1315.17,930.148,7091.01,806.789,2049.38
7680.49,7628.97,692.119,7475.75,7680.49,658.298,856.916,689.806,6394.75,2157.57,1120.44,354.8,2667.25,402.442,1108.2,3533.76,1778.25,3306.05,1029.06,6828.17,397.667,6823.87,287.443,2102.63,516.483,7021.82,533.232,4271.6
8095.77,7876.59,545.287,7984.77,7913.35,527.49,1261.47,848.787,8095.77,1070.96,3408.12,454.184,4262.04,417.757,1200.48,4224.93,1708.3,3823.77,635.766,5442.81,394.229,6471.23,332.04,1923.16,544.679,7261.13,571.09,5423.28
8052.44,7872.87,823.894,8052.44,6091.1,542.228,438.442,599.535,5789.67,2258.42,747.997,454.456,3303.62,400.857,1280.99,1122.17,1837.57,2550.83,1995.33,6729.25,430.135,5691.92,226.136,1862.06,566.877,7132.58,497.77,1806.89
7681.44,6065.96,627.198,7193.37,7004.18,590.436,2153.07,350.904,7681.44,1303.32,3350.98,323.483,2306.92,518.745,873.693,3410.54,1749.19,4974.88,3763.84,6431.91,860.04,961.044,359.199,1737.13,1009.8,7104.95,795.299,3064.44
7803.87,7406.34,616.841,7803.87,7762.76,652.969,624.09,703.71,6510.5,1801.3,1051.1,408.138,3438.59,387.741,1188.95,2943.91,1718.11,3458.97,1571.98,6728.52,409.276,6747.71,272.424,2607.37,577.326,6775.27,552.984,2019.96
6655.47,3511.21,2402.32,2968.85,2784.87,2691.19,3057.31,3348.54,4246.69,4262.93,3347.54,440.813,4439.57,3953.8,4635.35,1447.56,714.216,1304.84,5040.1,1036.95,2821.73,2723.06,1746.52,862.639,821.055,6655.47,1245.25,799.174
6934.09,6112.54,4762.07,5548.53,5782.54,500.697,6806.4,349.495,6934.09,894.351,1426.87,489.509,1195.83,957.175,695.138,662.289,1602.42,1530.13,6282.83,5121.59,743.273,1865.18,737.81,1484.46,645.511,5957.84,2938.73,375.217
6914.54,6071.96,6026.68,5650.44,6468.89,484.965,6914.54,425.184,5033.61,4391.63,2745.18,1003.32,2476.47,939.506,583.226,590.199,1364.92,1527.94,5493.27,3650.3,5506.75,1443.22,612.802,4705.75,479.342,4998.84,3215.77,391.986
7920.94,6761.42,1975.42,7894.17,7920.94,649.121,3433.1,460.432,5536.38,840.301,726.238,396.601,4846.88,446.156,782.037,6210.97,2065.48,3682.47,6016.98,7071.17,791.393,1309.38,251.464,1105.32,1003.71,7288.25,908.602,3214.43
7403.12,2608.53,4777.95,4727.29,4660.81,1800.78,6658.72,4911.65,6720.01,5819.58,2436.54,510.544,2889.13,270.311,2368.29,5518.94,800.906,1986.43,3194.85,5030.82,4670.83,4115.32,2437.74,555.869,637.064,7403.12,504.162,838.951
7886.51,2867.71,5768.75,4999.25,710.867,1131.88,7440.62,7418.28,7674.59,4211.98,361.701,1381.5,1756.03,2101.1,3378.93,868.999,1088.26,6122.64,5036.9,4020.28,3811.33,4000,1935.77,904.648,365.665,7886.51,409.574,1139.41
6610.99,4776.66,2686.35,48.4249,5935.13,789.41,5499.12,6610.99,5481.45,3051.74,1562.15,591.114,3022.8,2836.65,1039.05,-83.719,989.609,5673.74,5927.01,5017.6,6129.78,5988.09,4283.23,3983.64,996.71,2522.02,575.238,3808.71
8218.33,3507.48,5550.31,955.265,3869.79,526.118,7114.38,5458.44,8218.33,1610.94,5142.63,649.152,2532.21,2869.91,1425.54,1048.01,1344.97,2673.95,4955.51,2298.39,4854.19,4240.15,505.861,447.687,609.798,7899.15,566.53,4488.45
7268.75,5684.46,3178.21,2948.38,3657.91,2099.58,3117.39,5852,7247.04,3774.9,1071.58,854.862,1317.73,2681.01,534.703,454.673,553.129,3648.27,2224.96,2801.72,3636.18,4112.52,2097.06,2798.15,1747.24,7268.75,1442.31,5155.58
7323.36,1789.89,2168.62,525.857,2575.69,1680.99,5713.15,6833.85,2124.57,7001.32,574.673,777.058,2392.54,455.203,736.434,435.027,998.992,2024.03,2396.33,1617.87,1091.42,2790.37,2418.1,2678.61,655.574,7323.36,433.401,2808.71
6761.23,1671.38,4564.78,403.185,3905,2592.63,6077.68,6469.76,974.228,4674.94,1898.43,456.148,2096.95,709.668,1106.56,391.99,1371.59,2081.05,1898.91,3978.15,4305.33,3709.9,1695.42,2835.4,1253.08,6761.23,597.777,864.481
6581.44,4293.46,3551.96,1999.5,5726.72,5720.83,6581.44,5515.28,744.746,1493.76,832.261,432.392,2864.27,362.402,912.257,540.269,965.062,3141.41,3181.45,2792.1,2629.09,4701.2,449.962,1122.99,712.697,1333.24,458.236,-405.792
6292.35,3619.49,2652.5,2723.46,2651.92,3320,3701.38,2920.39,2784.29,1195.61,4261.82,2954.96,1658.59,6292.35,3065.58,4754.03,2422.33,3238.58,3511.24,2779.85,2690.1,667.584,480.8,858.461,1060.99,4191.22,1930.59,1030.55
1115.94,1007.1,1038.9,727.295,956.98,568.913,717.156,740.919,727.926,735.662,691.728,441.614,812.595,1060.49,974.995,1115.94,617.372,641.89,1077.13,1010.56,1081.67,457.503,396.894,518.893,291.954,1085.83,312.865,362.053
4654.77,4654.77,4143.74,2732.76,1395.43,1075.71,2015.39,653.405,3417.19,2703.4,2815.18,3397.11,2674.23,2592.99,4201.57,496.392,694.55,3736.59,3952.23,3466.71,1514.28,2963.47,3021.88,3213.42,1591.4,2596.58,2033.3,2379.11
4153.41,3694.27,3584.4,2872.52,2927.19,1615.81,3268.09,2850.99,3211.37,3556.01,4153.41,2127.36,1513.53,3229.27,2226.2,3999.54,1471.09,2926.3,2944.8,1588.77,2718.37,2555.61,1637.92,3186.81,819.436,2818.68,3701.44,1413.64
7107.07,5999.79,6810.73,6943.96,6117.99,4522.77,4477.19,5426.86,5051.93,6951.62,6689.87,968.11,2057.42,3451.46,5166.33,3901.35,1270.15,2602.06,7107.07,5796.94,1744.11,5017.73,4773.31,617.209,837.289,6295.44,4856.68,445.793
6953.77,5816.75,4953.15,1646.59,4586.92,551.323,6953.77,6281.47,6729.92,4490.73,5693.67,2265.76,1124.26,3011.54,924.109,179.715,853.306,4760.05,4734.17,3478.6,3761.11,4281.88,1180.72,5959.18,859.776,4724.03,344.627,4672.29
6969.81,6671.35,6969.81,4277.26,3549.47,754.281,6027.5,6439.49,902.678,3632.8,6696.86,5640.44,3273.89,1020.47,2720.24,2325.88,1746.51,3902.16,656.017,4094.2,6916.95,581.084,6852.43,6774.5,418.38,3392.07,3950.77,6432.68
7450.7,7450.7,6255.41,2964.91,5557.73,5202.15,4448.06,5926.3,1183.67,6987.56,6840.18,6985.98,1247.8,4773.79,1345.94,338.365,1737.65,4690.16,6403.67,1910.64,6578.22,5049.7,324.535,5513.11,720.893,6168.24,6902.17,1269.27
6283.45,3808.32,5256.45,3770.26,3986.44,2756.64,4542.38,1282.45,3522.43,3575.04,5308.23,766.236,6283.45,5109.53,3685.78,4104.26,747.461,3185.1,469.319,4372.92,2936.4,2999.43,1452.15,1928.62,4309.47,5200.24,4788.16,458.868
7768.07,6574.74,7258.27,3437.72,2855.58,6178.12,6680.94,3410.04,7532.17,6966.12,7227.66,1547.54,6485.36,2379.23,7768.07,1316.17,3591.1,4553.61,7357.56,5892.53,4143.77,5330.41,882.935,1870.08,3748.38,7223.49,4376.59,3493.12
8228.6,7784.21,8095.76,1084.56,3690.69,6743.7,7700.23,5808.81,6647.32,7905.63,7966.56,1256.92,6012.27,4464.52,8228.6,1649.47,4466.5,4420.95,3657.6,6969.06,7539.34,6190.22,783.424,1569.87,2637,7882.18,6326.37,1324.47
7558.67,7088.29,7126.58,2688.57,2649.07,5937.01,6651.7,2144.43,5109.71,7317.26,7343.77,1310.67,5473.95,4111.79,7558.67,2813.92,3723.72,4047.48,4883.84,6224.41,6750.23,5840.11,802.524,2841.13,3098.5,7001.12,4036.12,1085.8
5480.56,5429.52,4812.95,696.831,4893.35,594.374,4826.83,3560.51,5480.56,753.86,5338.88,2274.78,1189.44,2596.12,3769.28,3155.65,920.405,4872.71,5314.73,4991.98,5282.48,854.831,610.133,1365.65,519.512,5378.45,1679.33,3947.22
7854.03,5347.19,7854.03,7195.51,3363.35,2498.35,2512.33,4118.39,7159.36,7721.18,7233.03,1378.19,2416.15,3861.29,4525.39,6391.5,808.102,2176.8,3436.48,4941.06,1226.1,3005.8,3444.85,399.775,1741.89,7809.04,2357.03,487.166
7248.43,2371.64,7248.43,3840.73,2462.54,4040.72,2353.06,2101.27,1937.07,6557.94,5010.08,890.441,904.728,2007.23,4221.6,6412.86,612.01,2225.59,4318,4483.26,2045.2,2965.79,2662.37,327.415,880.716,6936.27,4260.32,484.413
7995.94,7595.4,7847.82,7461.73,7495.76,305.825,7765.52,3122.6,6119.04,2855.26,6073.98,1988.07,834.124,2671.24,1606.63,4003.2,2181.4,3913.35,1507.23,6515.22,4590.24,6664.91,799.538,6522.22,892.262,7612.36,538.849,7995.94
7940.92,7611.91,7940.92,7436.33,7763.03,382.876,7724.82,2088.72,3288.41,3164.85,5739.5,1379.26,885.092,2647.46,1486.1,4827.34,2082.07,4676.98,1648.03,6393.23,3442.2,6450.68,964.919,6178.32,1069.85,7069.09,506.51,7724.02
7205.9,5705.48,6743.36,5078.43,5345.19,378.783,7205.9,6296.45,6968.78,3897.04,4568.77,3485.44,790.062,2172.56,1523.43,2413.9,2317.23,2307.2,1673.47,4679.06,3281.52,4902.58,609.412,5334.97,838.52,7178.57,576.278,5662.03
8066.91,5758.01,7703.54,8060.41,8066.91,417.495,7568.15,6619.15,6785.62,5573.9,5574.21,2179.31,818.798,1909.39,1408.65,1808.79,2512.18,1556.31,3134.33,5467.64,6077.13,6843.62,521.231,2687.08,944.309,6537.34,664.317,7016.46
8028.67,7117.38,7342.55,6945.59,6926.82,313.135,7232.95,855.993,8028.67,4060.99,8000.48,590.172,1676.64,3841.31,2222.48,5179.94,1876.37,5519.68,7290.34,6291.3,3839.42,5554.9,696.893,5450.78,1141.31,6989.11,825.87,6851.57
8268.19,7633.18,7799.97,7847.82,7937.94,441.793,8012.57,7403.6,8268.19,6427.76,7663.48,2362.27,775.056,1525.37,1276.34,5419.59,2848.9,2344.28,3074.01,7249.5,7786.21,6869.05,508.02,4232.59,872.653,7400.95,663.898,7890.06
7944.46,7437.88,7660.94,7325.98,7260.75,459.951,7585.78,6886.92,7765.11,6053.3,5713.69,2055.99,845.835,1583.53,1451,6263.84,2627.41,3307.37,3139.2,6395.75,7015.17,6510.45,356.925,3682.68,937.623,7586.35,632.723,7944.46
7618.33,7097.75,7578.58,6505.51,6408.79,300.125,7098.53,1599.65,7618.33,3745.41,7454.91,602.556,1744.5,3538.09,1597.28,6646.74,1947.18,6396.33,7381.95,4966.24,3029.74,956.047,1161.29,3140.56,1041.84,7365.73,884.871,6572.39
7929.13,7466.85,7693.92,7636.01,4898.17,302.649,7563.53,2267.25,6853.45,3373.87,6337.94,1479.1,957.506,3065.82,1523.6,5804.64,1928.38,4356.49,4977.79,6652.59,4289.05,6306.47,1052.31,6326.29,948.699,7537.44,521.57,7929.13
7300.53,6772.46,2761.93,6693.08,6505.17,365.075,6990.56,4741.61,7300.53,4751.73,3008.97,4061.5,630.185,1488.99,1287.14,5679.66,2745.31,2261.75,1659.58,5986.93,5431.08,5578.23,434.402,4762.04,855.098,6588.66,707.401,7264.98
7662.21,7444.47,7578.81,6692.33,7078.97,293.807,7662.21,686.894,6228.16,1838.53,7617.98,952.695,1640.77,3368.52,1836.83,4256.32,1905.01,6026.09,7166.42,6041.23,2198.73,6214.62,332.411,1856.78,1504.67,6974.23,639.033,7269.99
7845.56,7292.02,7622.77,6937.11,7226.74,302.663,7527.29,2225.71,7839.85,6841.47,7506.45,484.473,1112.13,2912.86,1676.28,7845.56,1951.46,5503.21,7346.01,4400.28,4842.05,4171.93,778.635,5705.22,851.134,7419.46,1013.7,6985.02
7769.51,7417.24,7538.91,7064,7167.3,371.724,7532.53,7112.92,7769.51,6300.17,5318.43,1668.37,762.256,1471.16,1294.01,5859.29,2674.11,3470.11,1864.96,6112.26,6131.24,6055.73,400.734,5001.03,897.23,7402.71,674.744,7685.57
7993.94,7344.48,7658.65,7463.06,7586.93,236.802,6011.55,625.952,7096.66,3974.9,7993.94,438.797,1489.92,2646.35,2760.34,6770.41,1946.23,5380.21,7249.95,6323.42,4862.16,4854.81,705.214,7067.52,1075.75,7506.75,811.348,6932.84
7744.99,6894.77,7551.42,6681.58,7175.43,404.667,7084.42,6579.41,7392.8,5007.22,4863.53,3862.94,838.968,1675.65,1423.03,1225.38,2389.63,1739.88,1415.89,5669.02,5836.32,5865.97,612.69,2733.91,1009.73,6540.97,658.967,7744.99
7790.32,7348.96,7790.32,7512.19,7701.22,314.031,7556.64,565.961,7780.47,5071.82,7666.35,552.349,1551.43,3991.27,1880.43,5318.62,1910.21,5877.93,7452.78,6434.3,2825.34,3993.14,883.724,4974.32,851.673,7489.73,875.459,5324.88
8195.95,7713.89,7731.86,7232.52,7598.13,262.205,7409.42,4308.09,8195.95,1447.05,8102.01,911.063,2762.34,3403.47,1404.46,7812.95,1877.81,6140.61,7366.15,6556.26,3766.86,3081.55,511.083,6045.46,1784.86,7784.02,765.104,5715.29
7970.73,7470.68,7469.67,6845.73,7387.78,282.689,7415.39,1054.52,7700.47,5584.73,7535.98,388.188,1144.47,3623.26,1794.3,7970.73,1889.2,5956.92,7434.92,4377.9,4929.35,4506.65,749.319,4949.83,927.373,7648.91,1002.41,7280.9
8019.69,7281.3,7713.77,7490.85,7702.57,366.7,7517.02,7209.82,7971.24,5955.75,7784.41,1674.88,901.309,1597.06,1645.45,5428.97,2774.96,3773.31,2864.39,6643.04,7055.16,6788.79,446.852,7602.04,1139.23,6729.3,591.334,8019.69
7873.76,7462.64,7345.75,6860.15,7600.54,327.106,7522.28,635.493,7873.76,5357.73,7491.52,543.911,1661.78,4216.79,2253.83,4738.98,1889.33,5595.86,7289.29,6288.59,2914.92,4063.94,667.041,5610.55,928.298,6883.74,848.25,4798.28
7124.71,5715.51,5339.2,4115.34,4173.83,351.566,6853.4,1560.89,5482.45,3985.48,4885.9,918.897,902.668,2886.16,1340.19,4264.53,2012.25,4561.07,1402.8,4397.85,2135.88,4410.31,637.879,5477.76,1067.67,7124.71,508.153,6020.68
7910.29,7560.89,7786.14,7627.1,7910.29,353.946,7796.04,600.732,6244.73,3421.08,6491.62,990.887,1189.94,2760.36,1426.81,6024.78,1899.17,4772,6827.92,6513.28,1739.41,6323.27,387.192,3125.97,1274.9,7442.02,546.575,7524.97
8080.44,7576.25,7933.72,8078.07,8080.44,311.623,7724.76,928.665,6152.9,3408.07,7638.29,1281.08,1584.67,3530.48,1764.34,3175.98,1870.95,5506.62,7354.6,6956.84,1144.12,6738.84,352.203,2241.98,1538.3,6793.27,645.809,6563.84
7682.25,7543.54,7231.23,7268.99,7444.87,353.011,7547.04,815.593,7485.88,2433.04,7682.25,1071.9,1215.48,2862.24,1496.24,3717.71,1929.09,5394.97,7373.41,6842.25,1084.47,5087.6,365.883,2567,1820.64,7403.37,545.155,7220.23
7835.88,7359,1451.44,6821.94,7075.16,428.481,7547.16,3603.44,7835.88,4200.07,7314.18,2619.07,584.816,1582.5,1347.2,4316.33,3314.01,3308.14,3948.94,6257.1,6504.58,2263.6,416.052,3520.2,812.128,7000.5,801.862,7377.94
7903.55,7217.28,7243.62,7301.97,3006.06,308.888,6913.71,2951.69,7903.55,2981.97,6166.17,2398.9,854.883,2444.73,1598.57,6023.31,2116.19,4499.67,1513.05,6279.04,4556.99,6262.46,563.608,5735.22,899.765,7416.84,510.438,7880.15
5643.36,5177.24,2803.77,789.999,2983.33,4640.65,3518.7,647.24,3819.71,4798.28,5055.53,1253.83,2668.58,4215.86,5643.36,415.364,2517.97,3477.87,4272.56,3143.69,4539.87,3951.7,527.008,875.27,472.584,4839.22,1771.91,1509.18
4650.13,4650.13,4612.49,3298.68,2918.71,3558.18,2898.25,3273.01,1112.56,3138.85,3443.65,3022.86,3903.72,3740.95,3491.34,2973.15,1103.11,2265.94,4379.06,4205.24,4498.46,475.415,1460.21,4170.01,1827.5,3290.86,3147.74,4095.61
4422.03,4201.33,3617.44,363.503,2656.09,1439.74,3111.75,3846.62,2704.16,1542.5,4408.09,1033.79,1295.22,1248.77,1230.64,1661.49,1186.33,1020.85,1629.74,4422.03,2150.26,3180.5,699.451,3194.82,3501.86,4022.09,3877.4,515.602
3116.96,2921.51,2991.61,2738.09,2467,2785.09,2676.06,2797.89,2755.35,2826.3,2683.07,2296.65,2022.18,2544.86,2809.85,3116.96,973.615,1383.15,3058.71,2972.91,2740.99,722.692,2421.8,2459.99,2390.3,2574.38,2447.18,513.762
6968.53,6890.19,6897.26,1041.47,5306.94,1189.69,6554.71,2548.38,3803.65,4124.44,3478.92,2557.95,1623.55,404.371,2067.07,4263.28,1303.33,1035.02,6968.53,5815.22,2663.6,4708.68,2880.26,4878.44,2165.47,5894.6,787.968,534.702
6739.04,6695.88,6739.04,6154.95,4699.82,5618.38,6113.13,4932.8,1601.71,1780.56,6077.49,1054.1,1310.36,2106.09,1817.32,2274.83,914.879,1514.69,6589.18,5448.19,2513.19,2797.41,3239.92,729.927,803.308,6631.74,6261.13,1074.02
7796.26,5919.96,266.433,1533.73,3437.43,915.323,4497.47,5966.49,7796.26,7627.45,4454.93,905.285,994.992,344.007,1047.56,425.952,839.296,2095.45,787.786,611.441,3412.85,3032.86,1432.63,2229.24,466.332,7382.7,369.899,4283.96
7047.26,2279.18,5935.3,6086.79,4608.66,3038.01,5063.1,7047.26,5029.99,2242.02,1098.19,1790.14,980.25,311.887,4147.96,5362.93,686.856,2752.85,5466.03,5757.86,5489.93,3640.63,4483.99,3184.3,653.628,6210.27,1496.79,844.69
7448.89,7448.89,3640.03,5145.23,5830.15,1093.69,6390.26,5091.36,2964.63,610.613,922.604,3620.81,4019.96,421.589,3732.63,3260.32,691.261,4525.38,4327.49,3575.3,4915.73,4486.37,493.773,542.247,551.734,6735.99,1442.43,1609.64
7408.89,3696.27,5611.54,4809.91,2314.55,1615.9,7408.89,2908.06,4519.11,1147.86,1961.98,1209.26,5630.3,325.268,1431.61,5611.05,774.072,4187.47,4400.6,2344.55,3673.53,5061.87,694.129,1151.28,670.396,3577.58,490.293,2518.4
2798.38,1911.69,420.477,256.96,1586.45,823.129,383.846,664.29,-24.6139,1801.91,946.882,1369.9,1164.48,1119.76,95.1274,2798.38,853.876,1963.51,1269.74,1874.41,1662.92,1128.35,1763.59,1784.96,181.198,21.4576,743.815,420.106
7057.22,4850.08,7057.22,777.61,2488.21,3983.92,4001.26,3872.58,6543.21,3612.8,4092.65,1145.64,5210.69,5045.93,1635.59,5336.79,1049.6,2943.81,5359.9,5473.63,6020.09,3908.61,2600.62,1684.86,6101.17,6791.56,1816.4,503.493
7512.27,3928.17,4349.75,6792.14,3597.89,544.697,5338.86,6765.28,7512.27,664.97,6061.47,1037.1,2055.68,4679.94,1178.15,41.5614,1041.11,3953.76,2046.6,3688.1,3517.64,3769.43,2150.57,2879.27,1361.29,4614.11,405.504,3228.95
2572.33,476.01,-528.422,-137.464,-180.771,69.4885,88.2988,16.5713,771.303,-684.045,263.443,1035.52,-290.401,514.194,2572.33,1625.18,746.938,1645.48,413.067,965.337,217.662,406.234,1309.47,-395.351,287.994,-3.51997,2017.12,1469.53
5905.85,5297.5,4890.87,4129.29,4503.59,4049.27,5036.47,3860.19,3674.11,4420.76,5080.06,5905.85,5683.67,4163.27,1655.06,5592.52,794.756,2915.44,5606.98,4588.92,4668.02,3189.9,2334.53,3629.14,3174.19,4119.82,1505.66,1642.51
5783.2,5747.78,4859.22,4047.7,5013.4,427.232,3304.94,3990.46,4545.18,4692.04,5022.31,2628.06,5632.01,3889.51,1193.97,5783.2,1591.16,3996.42,4675.81,3719.5,1931.59,2687.74,1736.23,2518.11,667.221,3869.31,4375.84,804.662
7723.32,1685.72,4013.07,4671.43,4015.73,2332.23,7448.33,7522.29,7723.32,748.517,3702.74,1548.76,1939.55,2537.35,922.072,-8.59281,1064.54,1630.95,3250.54,4007.7,5037.9,3634.43,2054.35,4372.34,2507.62,6322.93,976.913,2458.74
2265.05,2265.05,343.154,290.681,1751.19,2091.58,1463.14,1534.6,735.795,1987.62,1747.97,485.998,1261.47,672.337,1491.12,1199.63,1628.78,1321.73,2143.42,2226.97,2135.95,1947,311.43,466.454,332.981,2264.06,476.139,641.765
7507.81,6000.81,5579.81,4458.22,4406.3,4101.73,2863.12,4969.01,531.711,1617.34,6335.08,4869.27,6615.57,6375.23,7507.81,4658.59,1130.66,3507.96,7191.24,6042.81,4647.64,1547.35,3373.01,3524.72,1531.33,5346.49,6099.06,587.422
5312.79,4920.07,4424.92,2991.51,2910.75,3168.59,3628.57,3251.89,2990.54,3867.8,4808.42,3748.3,3738.33,4179.72,5312.79,4284.54,934.948,2766.57,4596.99,2009.86,3061.36,692.88,1497.38,2383.71,2921.6,3202.99,4196.67,425.79
7874.07,2942.04,3754.17,3103.72,1222.34,989.04,7874.07,6798.92,7529.78,1528.87,621.528,710.556,2645.03,552.269,1428.48,1084.68,775.51,1357.57,3356.46,891.141,3828.25,4031.47,1862.2,721.59,313.936,2352.52,1118.6,117.513
7516.34,2631.84,3592.89,1056.83,6029.86,750.748,7516.34,4695.25,5579.72,2328.88,1848.05,1051.2,1071.54,910.148,771.772,3027.62,1211.83,4141.14,4160.01,1232.28,3879.7,4416.13,4420.91,653.491,414.556,5055.95,1577.56,2182.5
6539.62,1994.11,4288.38,4318.54,2804.41,802.858,6539.62,4955.97,5422.11,2527.2,573.537,1679.37,1794.27,483.45,1745.9,706.775,873.424,3717,4883.96,726.894,3417.45,3493.54,2716.76,702.187,299.481,5500.34,1209.97,688.797
1496.9,1128.86,923.028,716.019,636.617,734.762,616.205,693.818,300.893,620.264,837.726,943.637,588.429,954.803,1496.9,948.631,470.199,695.735,518.888,1195.93,856.813,715.965,401.679,400.186,443.456,617.035,548.343,819.051
8159.59,7723.19,7068.28,723.818,6832.94,4733.02,7255.44,1226.48,1434.44,7699.5,4750.98,690.856,8159.59,3387.21,1539.27,5927.18,6037.99,1003.1,6223.37,5819.32,4744.97,3802.25,2130.68,2029.02,6143.7,6917.62,1115.48,1163.02
7666.03,7628.71,7160.15,896.607,7399.99,5620.58,7666.03,1478.85,1420.2,7665.79,4427.97,709.801,7203.39,3447.26,1481.68,5837.66,5144.26,1068.04,5679.98,6265.38,5352.27,5491.83,1999.13,2293.56,6603.28,7599.64,1094.48,1125.92
7945.7,7840.54,7945.7,3962.08,3155.35,5139.46,7359.23,6614.84,2469.74,7475.42,6886.22,970.032,7137.48,5310.56,1628.86,3989.7,6220.3,1211.88,3092.98,6258.29,6500.98,3092.54,1816.98,1308.73,5402.31,7368.11,889.74,1150.66
7945,7576.93,4282.06,848.189,2792.43,6770.34,7041.69,6422.55,1360.51,7461.45,7439.85,669.709,7945,2306.94,1455.45,3902.56,3839.54,1094.54,6861.64,5234.58,5271.78,4058.78,2201.02,2337.49,6730.07,7154.01,1230.86,1096.8
7867.82,7568.62,7599.52,2656.07,3625.6,5359.2,7460.76,6692.65,1888.63,7216.11,7475.86,908.799,7867.82,4671.66,1596.97,3932.5,5963.38,1191.03,3837.11,6235.28,6797,3751.98,2738.51,1579.21,6225.36,7591.32,1683.33,918.326
8067.44,6614.2,7328.39,7271.16,7185.37,7025.03,7383.76,5347.82,2253.81,7891.42,7837.4,4719.28,5327.17,7001.55,7523.06,4472.31,696.601,4618.35,5184,3906.54,3498.62,1474.94,2536.66,1398.26,1144.31,8067.44,7496.57,1759.33
6669.04,6669.04,4622.81,4227.02,3951.76,4129.05,3852.84,3433.09,4115.3,6421.1,6625.77,2710.61,5927.85,1152.16,6596.26,2498,662.418,4469.46,4586.2,2416.08,1609.06,2125.22,2139.8,742.081,1582.19,5546.07,1777.34,1926.43
6631.09,6440.98,5670.02,5042.05,2886.02,4893.37,4731.27,5313.17,2888.44,6099.48,6631.09,5269.22,2432.77,6260.01,6315.79,2022.55,637.891,4260.61,5907.59,3308.07,4468.55,4100.2,2505.59,1245.19,1491.43,6190.08,4314.98,3204.97
8089.75,7183.88,7677.8,6989.03,7649.88,7589.06,7901.08,7576.15,4086.03,4006.79,8010.41,1463.57,4130.76,1437.19,6884.94,1835.99,1498.81,2495.8,7211.71,6934.4,2274.63,2533.72,1379.12,2048.66,2147.41,8089.75,7768.32,6888.46
8363.95,7837.65,7682.94,7790.81,7430.46,7602,7866.84,7329.53,7701.05,8299.64,8176.26,1604.56,2294.55,2339.98,7388.62,3698.95,946.003,6050.79,3496.25,3990.42,7213.93,4279.99,2404.32,1153.58,2489.57,8285.33,8363.95,5871.15
7893.55,6912.05,7893.55,7882.88,2914.74,7365.2,7576.56,6873.61,1145.11,5714.29,6741.68,783.755,1456.07,3830.4,2307.28,1166.41,991.231,1080.66,521.387,1469.9,6656.17,6401.32,1504.15,2424.72,949.303,7444.19,1875.94,2446.89
7467.75,6907.33,1404.98,7363.65,5114.38,6663.36,7415.92,6874.53,5375.68,5566.42,7320.03,2409.86,1133.88,5605.62,4283.2,1263.7,835.088,3799.42,6874.75,3746.35,4744.01,1444.68,1815.9,1894.49,922.646,7467.75,7065.67,7328.83
8185.2,7167.22,8053.55,7864.61,7736.25,7454.42,7956.53,7506.19,7906.54,5552.7,8185.2,2137.8,1734.09,1019.21,5857.32,1430.97,1043.57,5023.08,7053.94,6735.71,892.8,3950.39,1328.43,2683.26,3048.51,8106.47,6695.41,7829.34
8105.19,7113.12,6266.86,7522.46,984.58,7059.54,7567.97,7434.43,2934.28,8093.64,8105.19,1623,4321.23,7010.3,7457.17,1951.53,884.931,1417.18,6849.39,4329.22,4783.27,3322.91,1443.16,645.575,1179.64,7659.23,8028.88,6243.53
8201.39,6981.85,4306.52,7501.31,4331.58,7331.26,7676.99,7634.49,3252.09,1521.05,8201.39,1697.85,6351.29,6410.18,6745,2007.66,1248.73,4154.69,4780.36,1560.88,1420.49,576.926,1421.1,1116.75,662.544,8038.75,7996.47,7450.54
8064.38,6816.47,3661.06,5856.45,2045.35,6475.81,7174.74,7124.41,6805.18,5222.06,8064.38,2104.99,3656.91,899.6,4373.88,1851.38,764.981,5008.43,6604.66,6005.05,2347.7,3292.95,1231.46,1491.26,3287.76,7746.66,7688.57,7928.56
8144.4,7519.62,7828.28,7133.11,5776.72,7174.04,7638.2,7394.4,6897.41,3006.31,8144.4,2756.1,4621.5,1729.52,7881.32,1776.07,1136.11,3764.19,6306.32,6662.1,1631.41,5338.62,1366.84,3099.7,2146.84,7882.15,5444.42,7108.28
7174.5,6914.88,6919.01,672.772,5429.18,1893.94,6075.95,5672.93,3526.33,7075.47,6914.28,2894.73,5866.74,6221.97,4648.46,1784.87,1038.51,4363.81,5241.58,2625.95,1625.45,413.337,1447.23,2575.33,808.069,7042.92,7174.5,4678.97
7914.1,6881.14,6917.05,7466.83,1985.88,7353.48,7802.9,6513.76,3548.33,7914.1,7834.67,6846.09,2321.94,7095.69,7778.11,1861.12,877.9,5349.13,4341.52,3480.25,1454.77,5952.56,2380.4,1924.22,2259.06,7907.36,6073.96,5209.58
7391.45,6879.79,6808.47,6705.32,5884.2,6326.28,6558.87,6399.21,5030.98,1602.67,7391.45,3476.23,7021.51,5849.81,4202.99,2001.12,710.988,2142.05,3905.41,3378.78,2182.43,2595.12,1563.22,3058.07,935.839,6999.2,3410.67,6839.33
7246.19,7246.19,6423.98,5234.59,3185.71,5302.46,5695.47,2202.83,5235.75,6339.56,6357.13,5393.7,1569.69,3944.3,5985.59,2340.77,623.207,4444.22,4006.55,1869.59,1416.73,2265.19,2340.06,1577.84,1524.5,5785.27,7175.52,4332.84
7384.06,6560.72,7384.06,7035.16,5716.13,6153.89,6355.92,6327.78,6343.04,4199.28,7061.92,2509.8,5175.46,2828.79,2721.32,1688.42,760.199,1709.91,1565.73,1264.47,2516.57,2424.87,1673.53,2406.34,1716.66,5952.4,3674.38,6640.15
7576.8,7282.52,7335.23,7020.51,5832.25,2594.56,6657.93,6650.68,3480.93,7344.79,7576.8,4991.98,2560.9,4205.9,6699.29,2989.32,1111.55,5588.38,6917.68,1567.67,6282.57,2977.38,2219.09,1260.29,1530.53,7086.51,7318.25,5216.23
7067.63,7067.63,5879.82,4281.86,3270.24,5068.46,5928.86,6033.74,4613.56,6680.47,6821.65,2624.3,3313.3,2970.9,3303.24,3260.11,1669.37,4414.42,5314.28,4790.19,4801.32,1508.15,1449.89,1219.36,859.219,5753.21,3447.73,5874.61
7282.66,6863.13,5598.53,5242.54,4810.95,5205.47,5213.55,5265.39,4444.55,6828.71,7072.23,1982.2,2960.85,4112.64,7282.66,2868.25,706.733,5222.65,5633.25,2823.16,3043.62,4505.81,2489.94,1624.53,1911.84,6392.64,2236.38,6621.39
8190.92,6819.62,3091.27,3053.99,2765.16,3164.05,3984.49,4148.82,5247.25,8179.75,8190.92,1983.6,3938.81,2826.01,3870.78,4171.6,1637.61,5122.51,6076.87,6335.19,6781.34,1278.71,1384.53,1133.81,985.15,8025.66,4812.91,3342.54
7997.5,7312.98,7227.46,6083.96,7120.65,6814.73,7641.2,7273.76,4290.34,7997.5,7922.95,2109.28,7242.65,5285.42,7280.58,2824.2,644.934,4692.66,7335.84,5973.52,1968.79,1562.45,2824.85,676.321,1544.54,7846.85,5462.74,6768.99
8187.95,7279.97,4203.15,7363.56,5241.61,6990.36,7302.86,7288.93,3059.05,2366.84,8187.95,1633.23,5079.56,6829.78,6763.97,1634.09,875.884,3871.7,5489.38,2333.75,1117.91,884.755,1435.56,1184.03,657.771,7670.39,7572.57,7164.45
8083.16,7150.1,7773.8,7396.2,7180.46,7201.3,7526.94,7267.11,5942.91,6107.82,7815.2,3099.69,2581.27,5274.72,3239.59,3028.95,730.795,3937.06,6387.77,4473.56,5129.56,2604.83,1754.41,1632.29,1874.37,8083.16,1265.98,7968.53
7867.37,7355.19,5226.25,5512.62,976.843,5037.05,5688.57,6047.4,3123.83,6057.39,7259.31,1553.15,1124.81,3527.27,7867.37,2040.52,994.813,3524.46,6589.47,4506.6,5135.92,3858.38,1313.38,707.285,1680.67,3626.35,4738.07,4483.36
7896.22,7530.83,7702.65,4585.17,7363.42,7453.71,7634.14,7318.27,6687.86,7873.98,7896.22,4329.87,4680.06,4600.65,5005.51,1705.55,1053.78,3183.51,2999.03,2251.44,558.58,572.669,1585.81,2496.74,699.869,7818.58,7807.46,6332.83
7685.03,7119.09,7685.03,7419.05,5457.78,7042.64,7493.16,7123.73,6444.9,2132.75,7194.02,1698.97,6178.33,5767.53,7556.95,2817.54,865.573,4732.18,4942.08,5041.05,1266.11,2800.64,1881.59,3769.94,791.023,7091.96,7111.49,5815.67
7787.8,6351.09,7056.25,6548.59,3304.04,7167.11,7179.52,3862.55,2810.23,7633.04,7787.8,1708.6,3312.63,3560.71,4687.87,2282.86,817.658,4346.76,5884.74,5158.14,5752.66,4365.4,1305.59,1038.99,1019.98,7617.82,5287.63,7755.38
7102.44,6461.32,2623.03,5829.33,1786.22,5261.39,5820.85,5740.97,6007.06,5548.44,7102.44,2718.34,5772.8,6016.55,5845.19,1159.21,1027.14,1193.61,4140.2,557.678,767.514,875.248,1664.14,2265.23,595.861,6721.51,6890.72,6507.3
1598.6,1559.44,1462.55,246.14,1440.57,1415.25,1438.05,702.928,515.34,1198.42,1358.6,369.052,1013.9,626.716,991.573,791.425,469.327,1346.21,753.618,1598.6,1427.04,1355.13,404.65,373.033,410.661,1221.27,1551.02,684.379
5403.7,3372.04,2999.9,2989.63,3493,3395.75,3531.75,3848.28,2651.43,4316.7,5160.35,393.776,5096.46,2186.01,5403.7,1235.08,538.209,1599.63,4941.69,3050.55,1117.23,2647.55,788.364,1406.99,341.387,4705.5,3645.15,260.102
6727.61,5936.31,5719.41,3049.24,3158.05,2913.67,3824.71,3188.68,4880.86,4454.29,4001.36,817.943,4513.97,5857.55,6727.61,4083.92,705.839,2547.84,632.324,4848.84,3268.12,2555.04,2148.28,1638.51,1440.98,5158.99,5843.46,552.072
379.758,-2773.09,-2683.41,-2279.25,-2599.88,-384.596,-2236.79,-3348.74,-5033.23,-4307.5,-2431.7,-22.4307,-5344.28,-2280.16,-669.186,-2285.17,213.861,379.758,-1760.78,-2536.81,-290.629,-2967.62,248.548,-28.4354,189.027,-4918.83,-4550.19,362.232
387.999,-1888.71,-1281.19,-2624.11,-2828.66,-2041.75,-2383.69,-3368.09,-5415.84,-4995.72,-3631.7,-4222.42,-5162.73,-2336.48,270.332,-851.557,387.999,-714.524,-207.263,-2842.94,-2297.79,-3306.45,249.695,-612.067,239.484,-5392.18,-4294.42,361.173
360.375,-2218.83,-1919.96,-5774.37,-2594.56,-2812.88,-2540.45,-3197.35,-4467.67,-5364.38,-1520.83,360.375,-3791.3,-1837.09,-1093.44,-933.515,322.043,-597.554,-3831.45,-2435.88,-2923.23,-2428.06,-2754.93,187.965,203.343,-4950.78,-4193.28,329.528
419.574,-1938.82,-1674.01,-2125.36,-2136.2,-2113.22,-2858.7,-3244.03,-5094.02,-4194.96,-989.634,80.7276,-1547.64,-545.04,419.574,-4070.49,308.569,-890.043,-1965.51,-2034.57,-1922.89,-2185.72,-2534.21,3.35393,214.518,-5466.4,-45.982,-3988.66
531.829,-2253.57,-1753.85,-2189.94,-2182.45,-1984.35,-2387.28,-2903.83,-3171.18,-5850.53,-4136.7,-5160.73,-1097.13,-1069.47,531.829,-2025.89,-1279.29,-367.558,-3313.81,-2144.62,-2967.15,-2433.78,-578.676,239.027,195.899,-5724.68,-2198.7,421.362
338.41,-2223.47,126.964,-2027.75,-2364.18,-2201.54,-2513.01,-3327.97,-4368.46,-161.678,-2560.02,247.343,-5647.57,-1329.09,279.985,-1336.36,-1028.63,-580.271,-2706.12,-3042.32,-2399.02,-1998.14,-1104.76,-143.148,270.975,-5437.69,338.41,12.627
1160.08,-3363.64,-1827.44,-1227.35,-2518.18,-1999.24,-2554.25,-2780.39,-4767.64,230.419,-34.2548,294.307,452.704,151.775,358.058,11.059,1160.08,-1828.42,-2602.1,-2475.94,-4580.67,-3187,-272.147,-545.631,226.684,-5395.09,326.089,-4229.63
664.988,-1940.88,-1431.41,-783.464,-1919.19,-2327.57,-2836.2,-3135.93,-5121.25,-5020.97,-2084.85,-1190.19,-990.303,-1620.36,54.474,345.883,664.988,-2339.5,-3443.73,-2133.13,-3901.89,-3822.77,-58.2043,-2274.41,248.941,-5674.47,308.712,-105.838
403.98,-1295.33,-1744.31,-1670.15,-2164.64,-1685.38,-2400.34,-3504.41,54.9979,-5184.57,-3962.04,-52.8601,295.746,-558.179,354.275,-1638.13,403.98,-1917.41,-2437.66,-2229.4,-1185.76,-3323.92,84.2088,-588.533,214.085,-199.617,219.228,-4445.07
873.314,-2646.48,-1664.54,-432.736,-3209.77,-1612.58,-2903.69,-2846.92,-5056.55,-5330.76,-3206.33,-198.036,-181.385,365.073,505.562,-828.175,873.314,-1145.74,-3575.43,-1640.13,-3915.59,-3995.44,-2822.56,-2713.35,284.408,-5277.89,345.147,-1311.18
397.932,-1714.35,-1649.99,-2072.41,-2145.63,-3232.18,-2769.31,-3249.92,-2368.07,-4934.01,-156.691,-209.018,198.691,-2220.93,5.49454,-3638.96,397.932,-1175.76,-2155.09,-2115.45,-2265.77,-2941.43,-406.218,-2390.02,204.817,-5244.61,34.3555,-3762.04
398.479,-2022.4,-1724.35,-2116.73,-2202.49,-1924.53,-2774.34,-2811.43,-4613.81,-1700.37,-4122.37,-4198.18,-612.671,-1702.88,-492.225,-4049.3,395.868,-1007.33,-2169.38,-2027.52,-2508.83,-2115.77,-107.146,-494.953,225.181,-5367.68,398.479,-4723.98
354.263,-2701.75,-1970.51,-2605.88,-2656.55,-2436.08,-2724.94,-3459.18,-5339,-6000,-3671.49,-824.267,-4830.02,-2131.15,-2143.11,-3334.8,-62.379,-1308.22,-1496.29,-3257.73,-4420.23,-3405.69,-2554.04,-70.4227,238.016,-5365.18,-1372.11,354.263
506.572,-2307.43,-3345.12,-2151.06,-4305.73,-2281.21,-2692.69,-3499.59,-5604.45,-5893.56,257.032,-4655.04,-5807.44,-1272.25,506.572,205.424,475.652,-480.488,-3369.31,319.582,-4251.35,-2932.8,-611.587,-1426.48,-17.26,-5853.15,-1840.69,-374.906
606.549,-1192.15,-1678.88,-2268.2,-1900.11,-2074.92,-786.335,-3345.15,-3763.94,-5572.49,308.029,-5131.5,-5685.15,-1508.15,606.549,-1414.05,-1486.12,-61.491,-3788.43,-2041.11,-2785.58,-3167.01,-80.238,97.2531,180.406,-5696.26,-1725.3,186.168
840.193,-2490.47,-881.272,-1528.83,-2867.44,257.766,-2579.8,-3101.55,-5089.69,-1464.4,-3573.22,-505.613,-5202.89,-1110.83,537.619,-2641.15,840.193,-765.367,-2827,52.8462,-1153.38,-3722.02,-1157.19,263.955,256.028,-5341.77,345.619,3.05968
710.252,-2168.6,-1517.95,-989.853,-2093.62,-2245.69,-2768.5,-3520.84,-5126.9,-5289.21,-4331.21,-1690.37,-25.0528,-1424.84,357.841,-3365.77,710.252,-1916.35,-3601.54,-2026.35,-3180.59,-4212.56,-210.371,-2540.07,192.737,-5549.74,299.003,-3751.39
491.678,-1673.74,-2514.48,-2451.19,-2738.44,64.4464,-2275.03,-2881.1,-4738.97,-4293.57,-4402.21,-255.947,-5611.4,-2135.51,-1581.01,-2069.45,384.455,491.678,-2257.89,-2582.42,-1699.1,-2295.3,306.483,209.403,221.92,-4885.15,-2630.59,356.233
556.093,-96.8233,-412.727,-1795.4,-2363.82,-2168.19,-2162.68,-3155.74,-4416.11,-5648.66,-5193.28,-4071.73,-5517,-1743.35,556.093,472.423,-1671.21,165.14,-3991.91,-2614.91,-2109.84,-2687.18,-2853.89,71.3402,-86.414,-5109.01,324.637,-4316.58
987.461,-2364.6,-155.592,-1422.09,-1713.4,465.622,-2230.4,-3088.73,-5010.32,-4211.42,-3354.43,-888.105,-2901.79,-1015.17,663.051,-3260.55,987.461,-694.225,-2484.5,-1756.08,-3820.43,-1988.23,433.852,291.8,254.548,-4259.3,412.115,-1170.75
973.953,-3004.63,-1217.12,180.122,-1113.89,438.418,-2442.51,-3210.56,-3237.74,-192.857,-2857.54,244.997,-1580.67,-317.092,362.606,365.077,973.953,556.522,-3291.49,-2018.45,-3472.65,-3109.07,511.792,369.097,276.948,-5574.51,298.739,460.419
516.427,-2975.1,-1129.79,463.748,-5355.4,193.511,-2590.16,-3113.52,-2.38883,-1248.45,328.306,247.434,-6215.73,-791.937,516.427,317.402,78.5844,-676.308,-3058.23,-2276.18,-3335,-2929.19,-1007.5,271.058,307.997,-5453.33,307.495,417.124
3559.95,2685.29,-52.5621,-689.183,-1305.53,3419.3,646.797,1248.16,3559.95,2172.82,-266.703,2550.08,1101.51,1929.51,1949.31,1124.05,1498.72,2517.92,1584.08,2024.69,-12.7472,1152.47,1481.34,2883.54,820.649,2915.65,558.179,1351.16
4165.34,3109.2,21.2205,3656.7,-2132.21,3432.97,435.203,857.25,3170.82,4165.34,515.749,2529.31,1323.15,1829.81,2039.91,585.251,1550.68,2907.72,1742.6,3466.55,240.202,1154.06,3192.91,2028.45,836.15,817.567,623.575,473.269
1545.92,1153.96,-570.342,-553.855,-874.162,393.071,1093.59,-695.167,-1969.81,-2588.43,-1100.54,349.766,1545.92,1049.36,638.023,988.633,858.591,1302.25,-73.7644,341.048,387.003,-422.707,-1085.32,386.388,490.84,-2386.12,871.154,-787.429
1814.71,816.565,-3.80767,-627.462,-1266.73,486.018,1163.53,1136.97,-2624.64,-3191.75,476.191,416.694,1814.71,874.091,879.673,895.774,877.686,1073.02,-147.241,370.623,-157.507,-776.686,863.304,362.597,560.479,-2363.83,1159.64,998.663
1414.06,539.255,-625.732,-2939.74,-2350.2,459.32,757.849,368.114,-610.65,-3316.74,440.303,386.704,1414.06,726.944,672.64,702.716,771.018,1052.18,-912.863,481.349,173.332,-1470.49,-1445.37,242.5,349.029,-2729.43,837.467,214.753
2705.11,1954.76,681.991,179.932,850.447,457.188,1065.51,1172.84,-705.423,1612.9,1051.24,375.298,1995.83,1208.24,652.651,1349.48,871.686,1911.21,653.855,208.69,820.25,625.117,-155.039,407.77,566.201,-397.704,1175.06,2705.11
2256.91,2256.91,1743.65,663.9,1089.54,414.752,618.117,259.555,861.608,289.474,-1014.28,359.271,1367.91,881.316,547.171,754.979,704.071,1796.01,331.71,573.765,1149.33,-1019.9,-1150.61,312.821,362.106,-2000,928.937,1630.77
1987.75,1193.95,1333.93,-960.542,-1396.59,510.626,1795.3,-101.862,-2305.27,-2868.5,1987.75,421.415,1938.83,692.683,954.088,755.609,873.335,1211.64,-230.81,686.538,92.6059,-778.098,932.329,376.501,371.619,-2071.56,1137.08,359.029
4635.05,2960.34,4635.05,357.408,3748.65,3766.71,4429.97,757.053,1382.63,3388.62,4002.48,390.089,1812.26,761.545,647.38,849.434,4571.89,3502.38,2479.17,916.74,3967.04,3566.34,312.863,330.529,385.327,3427.25,748.956,2364.75
7905.48,5353.6,5883.45,804.784,857.962,4828.96,4111.69,6164.02,5572.59,3271.93,6157.55,916.657,1484.33,4527.6,1394,668.76,1189.27,6319.91,1464.82,4700.57,6964.92,6171.07,552.053,2928.47,524.677,2233.21,671.058,7905.48
8048.82,6535.44,8048.82,4244.53,935.349,3680.95,6040.46,5658.14,5623.79,1856.58,3113.72,1984.6,1884.99,3288.94,1340.14,261.026,1346.27,6918.89,2248.95,3669.41,7437.29,6024.76,1913.56,1507.13,436.801,4517.2,788.748,6233.36
7836.1,2636.5,7836.1,5466.18,954.376,4006.4,3399.48,1746.37,3200.18,718.419,3890.53,1198.19,2213.97,2266.16,1311.67,322.449,1668.31,7125.33,2169,1926.51,7442.36,6232.31,1149.19,1331.08,562.103,4751.48,879.334,3443.82
1664.56,1559.09,1448.49,55.7087,1442.57,1664.56,1512.99,1399.2,368.038,1106.83,1164.51,354.314,830.973,1343.62,1449.98,677.232,602.968,1356.04,1350.99,1134.01,1299.41,893.721,386.501,454.029,184.45,1224.59,929.378,495.761
6522.16,4189.42,860.151,319.854,2561.39,444.669,6522.16,4575.38,443.763,5354.72,5180,362.823,2257.53,472.39,699.893,4081.37,1133.73,1233.4,5396.75,2540.88,4116.33,451.171,690.426,267.317,286.202,6186.03,5985.8,610.442
2763.32,2232.54,1126.04,347.179,2428.47,424.657,2763.32,1637.65,334.24,2258.46,1639.02,332.914,789.078,592.147,529.167,1514.06,1194.4,976.988,1940.72,1419.88,2378.87,333.57,738.916,242.362,315.45,1768.86,1655.73,690.242
1156.2,468.962,458.987,242.853,404.169,1155.28,-4.21174,3.78227,465.259,764.951,348.699,509.097,690.911,482.627,1151.81,733.492,682.719,1156.2,285.659,217.063,574.332,427.02,377.695,316.488,356.367,594.105,953.111,663.995
1414.92,507.251,273.39,200.217,330.4,1154.83,307.202,-118.475,355.388,587.659,697.967,484.652,741.103,909.596,1011.73,747.272,681.071,745.543,554.448,1414.92,443.855,404.256,406.395,329.576,370.879,383.8,884.202,922.253
1416.28,802.106,986.625,231.868,1088.57,1137.79,111.584,338.872,388.002,1416.28,685.567,543.367,756.308,1161.41,1324.67,809.062,643.455,1045.82,647.545,1402.36,1201.88,469.315,388.73,340.205,343.68,1244.31,890.199,670.06
4778.76,4778.76,4703.69,3230.15,3288.3,3819.66,3894.4,3727.37,3887.23,3743.26,4633.96,2873.59,4201.79,4189.43,4092.25,4649.6,419.423,1244.29,560.903,4127.3,3114.3,2147.89,589,527.711,625.779,3928.8,2992.94,374.804
5316.17,4698.36,4137.08,3634.01,3705.69,1996.42,3552.68,3247.76,3015.5,3118.33,4421.05,322.399,5011.19,4110.99,3011.4,5224.29,508.14,1320.4,5316.17,3633.15,3990.5,2011.6,449.187,550.304,820.141,3465.75,3634.11,431.829
3367.6,3231.9,2662.08,2604.58,2336.15,2458.73,1963.41,2869.67,2054.32,2958.64,3367.6,362.167,2875.42,2668.46,2196.31,3231.74,511.261,1254.45,2750.54,2442.43,2464.84,1667.88,358.305,493.625,828.42,2566.36,2965.53,377.793
1025.54,72.2547,-468.917,324.181,-487.765,479.369,-1383.12,-1677.6,540.812,-2049.15,-1211.05,288.37,512.216,-57.768,387.955,-456.557,-1004.2,1025.54,-807.164,-227.25,-941.968,-856.822,353.466,387.891,482.752,-1473.35,483.445,-1466.1
712.481,-318.798,-1097.91,300.552,-1328.86,508.487,-1809.25,-1574.97,712.481,-2810.35,-1311.61,323.619,413.51,-86.018,397.605,-393.462,-241.449,559.458,-1520.36,-300.103,-2223.04,-958.382,383.906,365.139,385.471,-1330.6,430.044,-1398.7
3251.77,2306.15,474.767,321.335,2421.88,2975.2,2900.98,1363.07,649.471,2659,1925.96,306.808,560.886,456.344,632.641,579.863,499.89,1798.98,3251.77,1831.24,2577.77,1715.38,391.114,308.096,305.624,2174.01,1724.87,896.68
6505.27,6505.27,6312.74,6353.77,5835.01,5271.1,4292.77,4089,6021.2,5493.28,5980.17,1041.3,5978.42,4825.11,5085.95,4326.09,631.154,765.133,3609.62,3925.17,4738.08,3790.72,4436.46,1506.78,5210.45,5255.79,855.173,434.088
3008.67,2542.47,2494.25,2120.17,2283.64,2123.56,2149.98,1911.01,1905.87,2496.78,3008.67,1023.55,2534.72,2593.31,2925.92,2240.65,623.05,1219.37,1911.96,2669.37,2533.62,2199.4,1855.25,1539.92,2309,2555.7,960.192,451.545
4609.9,3212.62,4609.9,3039.44,2693.25,2448.81,2794.94,2349.59,2573.76,2748.65,2514.6,1164.28,2984.48,3733.35,3399.8,3218.05,620.495,1326.68,3406.73,3221.67,2751.35,2041.12,1802.06,1761.24,1687.55,2181.56,1212.12,465.972
6634.83,5524.72,6634.83,298.192,4299.5,2827.76,3611.68,2042.2,975.451,5001.2,5660.59,399.079,1246.14,1439.74,1424.23,1792.11,959.905,2767.82,4726.52,3735.29,677.835,584.989,444.764,307.783,356.253,3634.79,1559.38,612.194
1488.29,1116.83,617.385,269.029,995.415,1488.29,774.866,1007,658.867,712.361,1198.9,456.52,734.026,475.94,1193.91,751.048,1076.19,1066.87,1325,1154.04,502.326,794.979,424.18,402.059,277.555,604.277,567.463,487.172
5417.7,3575.84,535.756,349.871,752.209,5286.32,5417.7,1652.75,564.983,2976.46,2353.99,394.544,608.812,1479.75,948.017,1497.42,463.497,685.409,2673.63,4091.57,4802.14,225.979,287.654,314.172,194.504,3140.97,507.632,432.516
1028.29,1020,922.442,407.1,789.428,836.594,657.328,-124.646,702.53,739.13,983.149,408.87,594.356,812.366,924.551,923.93,493.502,673.294,876.361,1028.29,411.323,571.603,289.254,300.634,195.805,583.872,-162.816,460.822
3248.24,3248.24,709.433,335.292,2451.12,659.987,2288.95,998.572,306.399,1886.86,1368.71,343.667,764.01,373.477,595.044,1818.31,2344.71,918.574,3000.99,1666.46,2546.92,442.772,591.608,285.597,216.127,1923.73,1167.48,320.083
4800.6,2887.4,1234.59,291.207,3588.19,813.174,4145.32,1288.5,488.069,4162.91,2997.03,354.51,851.286,147.473,471.009,2545.03,3227.16,1159,3965.79,2070.29,3450.44,595.652,637.863,208.955,239.577,4800.6,2762.52,391.342
4665.11,3175.56,3831.71,3740.58,3720.64,3818.25,4191.27,4032.82,4241.25,3266.23,929.201,554.167,953.359,3931.61,3266.05,483.242,924.798,1585.22,4665.11,2141.55,1344.12,3204.21,1207.1,1969.97,1352.24,4361.84,845.298,741.066
1967.2,1562.29,1249.96,809.109,1074.74,1214.45,1011.46,808.198,-276.326,-5.40166,1495.39,491.686,1912.52,1333.69,1761.82,500.982,923.38,1204.9,1319.81,1967.2,1281.79,1498.86,1147.93,1008.68,1004.28,382.462,348.937,834.062
3710.25,2504.84,2776.82,1967.84,2867.5,2821.8,3064.51,3032.34,3388.02,3058.15,2457.71,461.876,3569.17,3036.67,865.394,369.931,914.306,1341.89,3131.79,1114.58,1281.45,2316.05,1029,886.562,1114.29,3710.25,510.537,926.182
1325.49,829.746,573.978,740.889,531.967,529.335,724.837,873.929,360.128,1156.1,1114.73,486.119,838.897,597.437,662.213,350.403,788.323,1026.21,456.094,579.59,1292.6,1325.49,1122.74,762.918,898.638,444.458,574.367,979.28
2043.11,2043.11,1135.71,1424.72,1412.12,1589.34,1096.04,1810.25,1456.58,1917.3,1109.3,478.029,1573.15,1434.51,699.872,740.621,618.766,1267.64,2018.04,978.241,1326.55,1805.53,1198.64,767.014,1264.95,1868.96,567.385,576.256
1855.83,1498.18,1406.49,1469.79,1271.41,1192.52,1453.23,1157.44,751.89,205.471,858.539,607.703,1370.29,967.67,1623.17,688.953,645.826,1258.08,1372.9,1855.83,1542.16,1744.85,1231.8,1362.34,1196.14,1327.74,324.041,1157.34
3659.56,2858.66,3255.4,3495.55,3464.93,3432.9,3281.29,3659.56,3384.38,2548.78,707.63,540.731,575.104,2067.47,2285.37,441.317,1092.62,1357.37,3076.68,1615.85,1494.51,2283.96,1305.3,958.788,1540.46,2410.16,693.615,925.002
3221.77,2330.43,2959.46,2719.42,2293.26,2868.98,2865.42,2247.96,1331.49,1854.17,1453.76,479.496,1318.43,2159.71,2859.58,1330.11,684.587,1302.87,3221.77,1010.19,1253.66,2335.34,919.006,998.807,562.812,2054.54,749.326,378.849
5942.69,3760.22,3689.42,4497.34,4997.96,3949.41,4847.35,4268.27,5470.67,5497.47,2867.99,362.031,4353.11,5296.01,2251.92,492.48,919.796,1754.31,5559.94,1185.02,1500.87,2552.44,1009.8,1097.02,599.311,5942.69,496.259,452.765
3693.22,2870.02,3308.98,3176.31,3104.52,3004.37,3180.5,3186.37,719.885,2810.84,1296.15,496.318,1307.79,2939.08,3693.22,1470.04,597.312,1516.55,3553.25,1035.34,1279.95,2447.26,1000.24,911.928,510.451,3538.32,1297.28,385.52
2800.72,2128.09,2700.97,2504.66,2454.08,2417.43,2696.2,2441.34,2103.67,2059.44,1111.91,493.811,1629.5,2352.35,1940.26,883.602,768.494,1492.4,2568.82,2800.72,1357.59,2206.9,1121.28,704.309,995.065,2739.73,667.213,447.272
4455.45,3579.21,3412.69,4026.44,3565.92,3474.13,3670.85,3228.08,3411.08,3168.91,2541.77,399.822,2570.19,3827.69,1452.74,667.729,754.741,2151.12,4455.45,3622.81,2651.47,3025.69,981.769,570.936,596.561,3670.58,1384.67,390.06
3371.37,2522.65,2060.6,2065.8,1646.22,2325.48,2274.61,2257.06,2506.45,2419.3,1785.49,461.845,2701.52,2315.26,550.803,731.231,854.574,1545.46,3371.37,1223.42,1728.82,2364.66,1276.6,672.176,1024,2825.83,1878.68,617.318
1304.93,860.365,493.36,561.914,292.499,609.37,500.759,1019.16,866.596,1180.58,559.773,494.745,716.174,253.064,-112.939,472.548,752.093,959.996,379.777,1109.53,1304.93,1291.47,1123.36,687.949,715.768,962.533,802.577,501.091
7943.35,7245.46,7580.75,4207.08,3956.28,2816.98,4137.14,4209.99,5041.6,5783.22,4940.19,1287.53,1461.85,7226.82,1513.13,6618.7,833.191,1699.89,7943.35,6350.13,3136.54,703.909,1651.26,2915.7,3724.47,4354.43,5111.17,2756.86
6593.25,5765.31,3860.33,563.778,2835.16,777.405,3352.6,3591.3,3969.25,4270.07,3314.67,3344.24,603.426,1994.9,6593.25,1000.74,1271.35,3368.92,4582.85,3689.78,3370.57,2608.47,2324.54,862.096,2010.07,3598.42,4023.26,486.29
6637.57,3412.59,4898.36,1166.72,3048.86,676.813,3208.31,3485.78,3854.8,4646.68,3182.16,3657.68,404.831,1996.61,6637.57,1087.66,1235.9,3632,4353.82,5167.93,4472.69,2757.09,2299.21,493.002,2428.13,3634.35,4200.58,491.828
8173.24,6643.46,7654.6,3319.06,6584.56,707.954,3527.17,1199.61,7250.19,6601.72,7072.77,1324.94,4308.75,6968.15,8173.24,528.179,961.47,3500.87,6795.14,5367.02,3987.38,2532.31,3565.09,6422.78,3103.27,7514.17,4438.38,2356.75
5628.49,4735.94,4143.22,3391.1,3338.03,3059.79,3332.22,3349.69,3700.82,3769.81,2565.45,3433.45,2932.36,4374.44,5628.49,4484.96,1037.22,1692.49,3810.32,4781.88,4021.73,1112.01,3352.98,3465.57,2735.81,4018.6,4094.78,437.277
6784.09,6138.49,4468.19,3865.88,4032.66,4125.24,4190.69,5344.71,5851.69,6209.6,5411.94,4707.69,3943.23,4783.64,6784.09,5369.74,1040.18,2970.14,4208.16,3112.15,3002.59,1385.14,3147.19,4265.14,2689.91,5866.7,6275.89,492.04
7529.1,6893.62,7529.1,6583.63,5103.74,569.479,5109.59,4896.18,5262.26,5640.67,4375.58,1558.12,899.337,4656.4,2623.48,736.506,958.068,1649.83,7511.79,6260.43,4039.55,1752.41,3559.41,1036.11,4517.22,5145.97,4689.25,1676.94
5117.88,4941.72,3652.24,1253.3,1938.02,4987.69,5032.73,4561.38,3689.99,4042.8,1599.91,1533.1,3499.15,480.216,1782.86,1558.5,1360.3,2170.92,4569.9,4826.3,3121.14,721.765,1905.87,4988,997.492,5117.88,3694.07,1076.53
5477.74,4721.74,818.951,364.826,3545.95,4393.04,4693,5245.31,5259.64,2042.13,5477.74,1634.22,4914.27,501.94,1903.66,1988.96,1367.84,1761.95,4699.1,4597.17,3251.22,818.252,2304.15,3839.26,746.918,4598.91,2265.31,3117.18
7748.93,6744.25,7748.93,6459.89,5604.44,3028.69,4973.15,5229.17,5905.36,6416.21,6898.84,1394.22,6729.17,6021.59,4620.6,1507.81,668.812,1145.62,7605.07,6409.96,6041.96,797.259,2270.14,1074.69,1352.59,6182.65,3068.05,424.544
5107.99,4091.63,5107.99,402.951,3807.34,3841.96,4133.07,600.3,852.47,3236.21,3650.53,273.861,716.282,457.411,833.895,974.119,1603.66,2908.1,5037.07,3256.11,4167.42,453.791,527.208,323.589,316.633,2447.79,3195.7,2217.52
7475.21,6893.37,7475.21,1923.81,4214.83,2612.75,857.842,4635.57,5298.59,3496.08,1794.36,669.101,5067,6480.19,5397.9,5241.43,688.591,2943.83,5740.01,6873.02,3470.3,-84.1762,2993.41,3620.73,1401.03,4556.24,5121.09,409.834
7927.51,6515.17,7314.77,503.735,4317.68,863.752,989.376,4525.44,5734.77,1624.63,2488.22,594.932,5320.51,5280.7,7927.51,5021.88,674.048,3808.27,6551.25,7070.53,3556.33,338.739,2929.65,3599.43,1794.03,4800.46,5489.63,303.281
6562.03,4913.39,2851.71,2559.73,3115.08,3081.77,3474.2,4084.11,2230.57,1923.05,5112.5,670.57,586.346,5537.13,6562.03,5749.61,593.301,1126.7,167.137,3278.58,2594.33,1825.39,400.427,690.87,319.014,4285.92,513.077,364.479
6512.37,6512.37,3363.87,3617.17,4002.3,4234.93,4934.51,4536.9,2943.41,4562.39,5400,636.284,1074.77,3541.27,5365.09,5669.71,627.541,1372.74,1994.93,4140.88,3068.09,1689.41,391.211,916.123,309.719,4649.88,489.968,383.603
5742.23,4003.71,2955.59,2007.84,3102.09,3291.87,3731.45,4142.17,1970.56,3161.79,3566.75,905.442,1693.43,4873.96,5742.23,5174.3,623.215,1015.16,507.933,3121.17,2783.97,1693.32,442.515,535.432,341.999,4969.5,1305.69,328.444
6298.97,4544.77,3003.71,2668.34,3066.88,3246.9,3581.67,4142.44,2153.07,1805.15,4887.85,1081.98,1273.63,5347.26,6298.97,5567.86,831.037,743.736,3913.63,3751.57,2628.07,1504.12,399.311,440.155,379.118,4895.83,506.301,274.667
4798.13,3611.6,2849.01,1806.8,2756.73,2751.16,3265.53,3175.93,1559.3,1652.59,3113.08,840.976,967.763,4152.74,4575.11,4798.13,679.81,830.913,590.401,3354.11,2619.08,1361.23,411.295,846.419,329.923,3954.86,602.187,213.378
5964.33,5964.33,2304.6,2217.17,2075.77,2467.87,2740.17,2524.63,3529.49,2114.86,4122.2,373.635,3438.23,4414.45,5544.64,4659.61,515.192,1129.62,4319.95,3483.55,2230.28,677.544,585.313,493.116,274.623,3385.5,1023.74,370.65
6874.64,6874.64,2401.85,2220.73,2213.25,2326.73,2512.68,2756.56,3341.42,1926.68,4875.28,366.84,4550.58,5780.16,5922.09,5718.26,558.353,974.204,6282.55,3643.15,2227.16,705.231,631.865,480.857,244.38,3227.53,685.042,368.651
6417.18,6314.54,5496.27,5688.25,2023.31,2929.85,5782.83,5007.62,6417.18,2763.07,470.535,1390.06,4703.55,293.03,4003.31,516.883,853.703,5431.52,5457.79,4603.02,5100.96,4903.24,3801.93,1883.75,549.127,6360.38,455.606,1154.95
5303.35,4931.66,3654.14,3873.64,2077.18,2082.21,4986.09,5172.11,4843.05,2946.91,483.528,1249.77,3781.88,360.183,3805.16,435.796,834.689,4188.31,3910.19,3130.06,3839.44,3796.31,4683.92,1772.96,566.044,5303.35,374.097,1918.92
7808.85,2893.45,4727.88,4576.42,1861.1,2322.93,7808.85,7148.64,7523.16,2859.22,787.094,1379.04,4671.83,306.109,3877.84,429.722,902.622,5234.04,5606.86,4585.22,4117.44,4245.62,4522.92,1570.59,527.148,3702.82,488.626,1541.19
7914.16,5439.47,6281.58,2214.13,6550.36,4426.68,6974.36,6688.37,7914.16,7255.64,1432.01,2804.27,4401.27,415.639,2944.5,663.557,798.677,4710.07,6111.99,5173.74,4915.83,5783.4,5494.76,1429.15,506.118,5873.08,381.968,1405.31
8358.09,5642.54,2777.61,1557.22,3243.59,2675.61,3906.54,7143.12,8358.09,7868.91,815.849,3318.57,2538.08,388.895,2797.64,1138.51,819.13,2153.66,2583.96,3520.03,3342.07,3264.35,3239.06,1151.53,506.056,6474.65,397.751,1915.44
7660.25,3250.91,3707.78,413.198,1006.61,590.073,4992.21,6904.04,4124.23,2310.7,3308.31,495.808,2284.21,2512,926.839,1499.35,1146.58,2288.89,4348.5,1392.01,3435.11,3122.95,428.393,933.493,638.512,7660.25,741.977,3361.12
7645.32,4023.82,4060.84,509.926,2926.37,432.25,6642.88,5729.32,3707.66,1101.15,3492.72,465.107,2490.39,1902.81,934.781,1147.92,1208.89,2797.45,3499.15,937.863,4429.53,3500.21,355.829,1038.75,636.422,7645.32,584.41,4068.89
7905.82,3640.95,3895.15,931.343,640.961,603.191,7905.82,7704.13,1851.79,2092.08,3047.79,803.492,2711.49,4986.38,760.39,871.265,1157.63,4921.81,5116.03,2515.36,3633.12,4619.23,602.53,767.314,576.821,3181.98,536.008,2054.5
7245.04,2888.57,3200.37,857.192,4678.35,1710.22,7245.04,7076.46,3354.24,819.029,2382.84,1207.67,4717.45,4978.58,1091.43,223.787,1256.99,4026.95,4934.31,4427.79,4058.64,3516.99,3235.25,992.053,1249.45,5733.27,805.192,1731.91
7841.33,4892.54,6390.56,5064.22,6304.18,1373.39,1133.5,5667.67,6230.52,4978.51,4054.89,664.03,1165.45,5380,555.608,368.713,540.869,7492.23,7708.59,6680.34,7841.33,6594.47,3192.19,5334.98,2097.87,7057.85,982.349,7330.31
7737.62,3118.37,2303.88,6942.9,3988.78,1814.34,3074.18,6736.64,7736.61,3938.06,1179.02,654.871,1326.19,3456.35,536.13,396.835,586.553,5965.94,3009.47,1703.1,3480.42,5659.62,1764.08,1764.82,1555.65,7737.62,1025.59,6376.26
7372.65,4069.3,2648.52,3535.68,4136.87,1112.96,4880.35,6292.55,6631.11,3340.63,1494.67,941.947,1462.94,3088,524.237,208.665,647.151,5099.61,3331.43,2182.7,4273.61,4666.04,2206.95,1875,1463.72,7372.65,1206.75,6208.89
7878.82,3347.23,892.066,2227.05,4323.11,2794.59,1747.48,6455.67,7878.82,4562.27,1383.53,639.752,1218.67,2711.49,542.6,444.976,559.828,6108.37,2472.04,1667.59,4.96589,3297.13,1944.27,5092.89,1627.27,7063.49,985.375,2121.8
7885.63,1888.66,4355.66,3736.55,6993.49,7127.8,1682,6714.68,4778.93,2248.93,1806.52,1305.65,7179.15,6158.6,4920.75,3463.98,724.962,2810.63,1124.32,4288.44,2857.63,1335.46,2396.21,854.812,413.158,7885.63,4533.07,539.345
7807.78,1181.52,7807.78,7726.56,6983.96,3781.31,1179.37,1149.8,3088.52,5971.55,6871.52,1346.5,4060.16,2091.14,923.37,3491.97,806.184,1825.98,1631.76,3234.01,4859.66,5298.04,2339.51,2509.23,729.39,1260.8,3208.46,561.29
4006.18,4006.18,3606.66,2578.83,2472.98,2346.91,2869.62,805.415,1516.84,3449.2,3443.15,687.854,3748.25,3654.13,3280.59,1217.16,738.097,2434.36,684.171,3781.83,2677.77,3150.88,1707.48,1733.94,1694.65,2848.77,3417.64,412.885
2555.47,1311.51,1201.16,846.261,583.49,1638.67,980.508,1100.48,1027.37,286.078,666.496,644.519,2242.43,1507.01,1295.34,1240.87,754.787,2001.45,962.513,2160.85,1521.42,859.329,1241.52,1485.38,702.907,961.93,2555.47,464.577
3684.8,3619.57,2966.09,2094.41,2204.96,2003.99,2034.17,2237.03,2039.53,1561.19,2702.39,698.99,2457.62,2468.04,3684.8,1116.11,833.495,2258.37,828.802,2558.92,1930.02,1384.27,1162.33,1387.94,1612.69,1916.53,2475.84,475.255
5924.97,4696.13,5924.97,4884.09,4177.55,4357.92,4208.64,2978.74,2870.12,3433.94,3877.12,988.812,4611.66,3800.99,4768.85,3715.5,596.72,2899.8,530.22,4797.98,3934.24,3193.8,1292.13,1727.37,928.046,3242.93,3469.95,487.309
7426.88,6757.2,6968.46,3893.11,3963.88,4154.04,3135.3,2698.8,6600.3,6580.79,7222.37,1096.05,7303.31,6453.31,7426.88,6664.64,597.293,3203.47,669.331,6510.46,4846.85,3417.81,1905.27,1813.54,831.37,3529.19,7341.13,447.17
7063.4,6214.35,6231.07,5360.92,5575.49,5839.86,4954.39,6036.21,6804.04,6953,7063.4,1003.52,6092.93,6252.6,7033.59,6442.25,643.45,3291.02,562.222,5859.23,5413.18,4376.71,1206.39,3472.87,797.805,6736.03,3888.94,584.274
7829.77,6260.39,4434.92,3572.02,3898.34,344.261,1198.04,5681.6,7829.77,7390.63,3724.12,2781.93,3580.45,2098.62,792.879,764.001,1766.29,3869.98,3203.68,470.406,4184.18,3427.93,727.061,7652.19,586.826,6282.36,934.034,3799.21
7803.44,5263.47,4189.27,3500.14,3728.5,345.777,1481.41,6416.14,7245.59,6234.66,2721.59,3114.24,3048.91,2028.48,733.214,762.198,1601.79,3914.07,3206.95,570.28,4371.54,2875.94,646.355,7803.44,553.61,6233.84,914.372,4050.6
7476.09,6958.83,6985.84,5713.14,5636.08,401.916,2655.54,6272.22,750.612,3813.58,7359.07,7476.09,2720.25,3979.6,727.833,5212.09,2077.98,5523.89,1459.48,320.403,6684.01,4018.56,2361.61,7197.17,927.251,6776.75,2924.7,7474.81
7643.07,6809.42,7643.07,5598.46,5927.65,292.953,1500.01,6021.4,2504.7,4435.47,5506.62,3668.58,3586.33,2206.59,883.674,1799.85,1711.29,5704.36,5203.71,256.877,5434.65,3982.67,1277.44,6542.24,626.609,6624.71,1186.44,7237.33
6883.66,5408.86,796.701,5060.68,4933.69,361.426,4973.89,3317.97,6883.66,1257.91,2811.31,1999.56,1273.1,1277.28,1342.6,516.749,3404.93,1614.46,1654.56,4398.6,4039.57,1081.63,368.502,6335.5,801.611,6453.11,889.261,6035.73
7041.48,7041.48,763.225,5323.61,5463.06,384.611,4236.05,1027.77,6108.67,754.898,5055.72,2651.1,2005.49,991.341,1419.22,796.275,2428.13,4097.8,894.946,4094.9,3906.38,967.652,454.593,4085.67,742.429,5931.92,968.922,3018.72
7964.06,5037.25,2645.72,3157.9,3539.54,1060.46,4345.72,5342.57,7595.34,5070.45,587.811,823.321,895.75,316.678,1008.01,406.072,980.684,1456.55,3006,403.154,2844.48,2995.45,570.949,1675.6,668.47,7964.06,354.26,4962.47
6655.71,5042.64,3166.24,2743.6,1614.18,1346.03,3925.02,4647.43,5144.62,4842.36,1918.59,398.388,1507.94,320.446,1037.45,764.34,1037.35,3673.1,1927.75,2117.65,2998.23,3217.06,3143.52,1153.49,1024.46,6655.71,350.175,2390.72
7370.63,7239.97,5556.29,1182.71,5623.88,556.187,4966.54,4179.45,6548.43,1187.87,7288.3,5349.42,1372.07,2108.68,4871.51,3500.07,1059.42,6261.77,7370.63,3594.1,6949.22,1116.38,352.267,617.173,514.908,6615.96,1260.34,5501.41
6692.09,5746.81,4945.29,1128.44,4920.38,603.078,5985.94,4717.51,5279.63,1064.24,4773.36,2962.55,1254.28,3058.28,4529.92,4702.61,1160.52,5845.97,6637.14,3393.65,4935.5,1296.23,401.493,574.55,482.722,6692.09,1252.34,4802.58
1925.86,1830.49,1836.91,146.479,1538.93,1386.66,1227.27,1376.76,1417.4,1435.54,1908.14,440.204,1337.51,333.163,1925.86,1001.13,639.488,778.223,1546.39,1497.18,1274.41,1035.19,392.922,454.664,349.208,1362.24,987.731,446.499
7162.25,3545.86,4124.7,4004.07,6947.38,7162.25,6071.73,1519.01,6393.25,4705.69,3516.14,344.676,2377.3,5000.31,349.901,1393.55,1479.08,3152.71,3664.07,2973.73,4587,5320.97,2778.67,5501.68,5301.18,2070.24,2207.9,4211.02
7084.41,6269.46,6362.21,3359.23,4562.85,549.503,6160.45,4877.73,6702.63,2316.78,5201.28,542.446,4021.64,5252.12,281.032,6941.24,2254.08,6139.43,7084.41,4601.86,309.165,5680.93,1828.95,672.93,4218.1,2152.07,2211.22,3940.46
7356.68,6559.95,6917.93,5176.66,5509.89,549.555,6661.18,6324.52,7027.78,6145.11,5859.35,1663.71,2229.99,5820.35,281.42,7356.68,2014.71,6124.42,7290.46,6037.09,401.188,5772.71,4928.22,622.97,2570.38,2184.83,1859.13,2248.72
6982.08,6748.15,5888.97,4351.3,3295.54,434.296,6609.57,5688.77,6713.91,3278.66,5153.23,493.897,2462.47,5077.28,280.621,5624.97,2712.51,6757.22,6982.08,3898.88,492.298,4376.79,1211.67,633.456,2820.67,3021.03,3830.62,5404.45
7714.71,4992.26,4824.18,4960.39,6553.37,405.763,7714.71,4572.04,6903.7,3525.64,2061,3252.31,719.95,1383.88,1021.36,2698.05,2578.39,4233.97,758.989,4923.17,2495.27,5064.41,508.409,994.392,1169.55,7041.81,861.838,4379.73
7860.87,7671.96,758.217,7721.51,7650.51,829.249,1279.85,1044.9,7860.87,2613.75,4862.25,784.912,2225.52,759.315,913.799,633.368,3896.42,4014.35,821.187,5263.67,6346.32,6452.72,353.476,2453.67,903.999,7274.33,813.916,5223.12
6707.45,6401.76,1223.12,5826.47,6257.5,705.922,5662.72,689.945,6707.45,3433.03,1057.8,1093.95,1589.39,950.898,782.865,447.413,3638.67,3337.66,654.127,5427.63,4890.97,1023.99,355.911,4804.07,1180.32,6222.09,1046.16,3896.16
7063.33,7063.33,950.971,6150.42,7023.34,933.634,1869.34,756.133,5180.77,1494.77,4039.58,410.831,2353.57,537.307,848.697,836.733,3046.5,3806.38,586.305,3405.41,4409.81,4134.4,343.494,2654.43,1295.94,6703.06,867.582,4762.67
8283.77,7761.09,371.089,8215.58,8283.77,639.726,2078.94,1063.86,6191.64,3242.3,6308.53,839.02,3820.49,656.259,890.686,5952.45,2190.03,3083.72,561.309,846.298,5815.25,7163.13,350.098,1901.24,599.165,7193.94,563,1836.93
7828.63,7318.72,545.072,7482.28,7828.63,852.047,1192.28,1128.81,6938.09,2343.57,6504.04,670.818,2773.47,627.764,846.272,5750.46,2538.28,2855.03,491.046,841.06,5412.31,6689.91,328.727,1538.21,517.671,6573.07,598.074,1158.71
7453.35,6504.17,1647.69,5926.03,5586.02,426.721,7328.34,1788.87,7453.35,3616.57,2499.29,1160.13,617.014,1116.66,1156.14,1297.92,2301.54,4774.83,1144.48,4810.95,4409.81,4791.71,538.108,589.138,1373.22,6646.3,831.821,5825.01
7128.42,7119.12,1731.62,6311.93,6441.61,465.979,7128.42,1649.12,6935.22,2176.8,690.408,1675.45,812.751,976.34,1080.47,3146.34,2949.47,5877.27,959.344,5794.15,1045.57,5572.9,586.287,685.906,1287,6734.72,824.584,6883.61
6739.47,6739.47,5529.13,5205.12,4846.64,5292.85,5425.34,5420.13,4655.62,6257.21,6412.66,2380.62,4945.59,2172.64,6275.64,2704.67,775.833,3762.62,1356.94,5123.23,1415.27,2173.43,1520.01,888.219,1026.48,6171.72,1581.56,3303.39
6736.58,3793.31,4526.21,745.984,3446.49,755.591,3924.11,3536.4,6051.32,6693.65,6736.58,1944.4,2688.96,2307.85,4288.32,2964.46,3399.84,2796.35,1623.04,3222.55,2166.95,635.5,1486.21,1231.12,498.579,3379.5,2629.31,3401.54
7564.44,6693.75,7020.81,7111.52,6524.41,6575.01,6966.5,2371.51,1587.68,3130.24,7429.86,874.536,6643.98,4077.82,6558.69,2285.68,2390.72,3766.37,3505.21,3101.2,1208.58,4473.68,1889.48,815.523,3575.07,7564.44,2587.07,6799.25
6080.08,4612.91,5558.53,6080.08,5834.95,5692.4,5765.72,3202.98,1970.28,3677.9,3186.16,1369.61,4973.43,1461.52,5741.95,2389.39,2594.94,3359.52,1336.88,1015.64,985.71,4442.78,1956.83,1046.17,1198,3716.26,1705.49,3885.77
8126.1,7292.33,8126.1,7032.56,7568.68,1722.67,7907.46,6612.46,7918.83,3338.62,7595.6,3513.49,4691.05,5791.96,4949.65,2633.63,696.165,5756.29,7114.1,6735.14,4225.36,1089.51,5668.49,2944.98,2116.45,7773.49,1847.2,7967.05
6706.41,6382.3,6169.28,794.879,3988.33,1634.22,6382.29,4379.67,6706.41,5241.52,5984.79,2827.06,3934.97,3000.47,5598.81,2777.45,4346.13,2296.87,5246.93,5294.43,3174.47,1125.25,1947.77,1098.52,574.375,5710.59,3052.01,876.123
7789.21,7383.22,4449.86,7421.88,7419.87,4036.49,7633.63,6501.63,7694.15,7135.94,7789.21,3099.8,6215.95,6052.69,6939.73,1491.93,739.491,4443.01,4812.66,779.472,6637.98,3859.07,1817.78,1708.75,768.641,6885.24,4721.55,7394.21
7047.4,7047.4,6816,6608.56,6268.47,6372.28,6571.04,5919.34,4077.31,6829.87,6830.08,5999.17,4448.66,3232.47,6387.15,3159.33,691.067,1594.3,1653.99,5574.91,5279.9,3571.28,1859.29,1191.85,1525.69,6923.42,2736.41,4659.43
7147.2,7147.2,6343.47,6093.02,5754.31,5918.22,6096.96,5706.65,6634.12,6705.45,6727.75,2388,3458.8,4594.32,6195.67,2103.56,770.754,4059.68,1184.35,5411.16,5414.82,2838.47,1528.61,943.098,1758.38,6448.84,4619.86,4994.83
6739.82,6739.82,6532.59,5410.85,3441.22,3777.56,5163.01,3590.66,5932.32,6438.63,6447.53,1145.54,3360.46,4338.48,5977.97,1342.94,730.012,5227.97,2044.65,5190.59,3942.53,3962.02,1396.53,2233.12,1122.45,5748.8,5128.26,4158.11
5851.98,2551.62,2714.27,2704.54,2844.47,3301.85,4612.39,4699.74,2437.96,5549.95,1163.83,1454.19,4086.52,2998.59,4425.99,2621.03,2325.53,2619.31,4116.74,3441.74,2016.11,1284.56,1591.81,809.889,611.524,5672.84,4529.29,5851.98
5626.5,3768.59,4783.5,2923.34,2427.59,3133.46,4702.18,4448.67,5565.36,5197.92,5238.9,2970.51,3151.23,5626.5,5333.07,2001.93,782.02,3637.18,4337.82,4371.57,3366.86,4693.98,1454.18,2377.04,943.792,4361.83,4396.51,3769.26
6839.31,6330.01,5707.03,5474.41,5548.44,5756.35,6133.74,6175.47,773.311,6823.11,6839.31,3454.22,5318.13,2508.45,6369.91,2723.78,2495.51,3960.95,4701.27,1929.43,2345.87,1763.88,2431.79,730.567,1197.03,6706.15,877.529,5548.98
6128.24,6128.24,4062.38,1601.39,3918.43,2212.16,4277.41,2523.08,4267.76,5377.04,4225.33,1625.7,5394.59,810.925,4913.88,2927.76,1448.78,3219.41,5199.07,4193.29,3452.99,2302.94,2016.83,1688.77,1024.35,5199.77,1910.84,3040.19
7973.18,6849.06,7015.96,4403.04,7229.58,2972.77,7468.47,5542.77,5465.83,7964.72,7973.18,5149.65,5809.13,6528,6930.91,1915.42,734.166,3759.65,1611.06,680.234,6302.59,3779.62,1711.67,1276.48,712.732,7798.25,6746.68,5317.37
7387.27,7387.27,7244.03,6563.04,4662.71,5864.72,6385.16,1689.7,5657.8,5865.65,5916.97,1285.03,5183.86,5802.79,5347.17,1146.69,756.559,5640.36,2693.27,1811.1,3818.65,4464.05,2169.06,2487.36,1254.74,4354.67,2146.78,6084.58
6722.87,6455.04,4183.37,6050.26,5240.34,287.677,5390.18,5462.58,4407.57,6419.39,6222.18,3671.84,1237.45,4787.1,1688.63,5123.53,1569.46,3400.71,5365.71,5409.94,3020.49,5431.85,2941.31,1357.21,674.587,6722.87,4301.1,3485.21
5318.14,4193.55,3225.25,3148.68,3634.61,358.735,4464.68,4340.4,3083.95,4655.39,5318.14,2172.29,702.175,3807.4,1361.65,4436.71,1363.65,2594.74,2697.33,3147.51,2050.03,2981.82,2362.18,611.9,585.147,4485.1,4785.97,3199.66
7762.59,5423.98,7099.91,221.613,7762.59,687.767,4017.67,5344.7,1483.23,834.983,4464.29,4401.01,2694.91,6032.26,1362.46,4159.9,695.039,4429.78,3985.16,4660.11,7033.53,6395.56,1000.81,501.696,1253.3,5077.75,962.179,4043.18
7250.2,6515.06,7099.72,412.37,5435.5,786.274,1616.44,6578.24,2525.81,765.188,6396.09,1788.76,2512.64,4828.16,1433.69,2295.72,674.125,5362.46,5140.96,4194.01,3818.63,5880.9,2487.74,525.751,1259.76,7173.86,999.734,7250.2
1589,1207.7,984.62,1042.17,1166.25,937.478,1072.7,823.896,943.698,944.619,1040.99,592.784,1181.89,1320.07,1589,1079.95,478.05,753.008,1117.74,1176.6,1044.11,1016.38,369.082,465.843,362.882,979.795,577.095,433.659
2178.67,2170.35,1419.72,1361,1478.71,983.911,1262.11,1422.86,1401.97,1372.68,1142.34,336.289,1949.84,1978.09,2178.67,698.133,675.208,1586.39,984.634,2128.97,1379.66,1263.6,762.633,485.204,446.724,771.747,1589.06,506.936
